ad_id,reporting_start,reporting_end,campaign_id,fb_campaign_id,age,gender,interest1,interest2,interest3,impressions,clicks,spent,total_conversion,approved_conversion
708746,2017-08-17,2017-08-17,916,103916,30-34,M,15,17,17,7350,1,1.43,2,1
708749,2017-08-18,2017-08-18,916,103917,30-34,M,16,19,21,17861,2,1.82,2,0
708771,2017-08-19,2017-08-19,916,103920,30-34,M,20,25,22,693,0,0,1,0
708815,2017-08-20,2017-08-20,916,103928,30-34,M,28,32,32,4259,1,1.25,1,0
708818,2017-08-21,2017-08-21,916,103928,30-34,M,28,33,32,4133,1,1.29,1,1
708820,2017-08-22,2017-08-22,916,103929,30-34,M,29,30,30,1915,0,0,1,1
708889,2017-08-23,2017-08-23,916,103940,30-34,M,15,16,17,15615,3,4.77,1,0
708895,2017-08-24,2017-08-24,916,103941,30-34,M,16,20,18,10951,1,1.27,1,1
708953,2017-08-25,2017-08-25,916,103951,30-34,M,27,31,31,2355,1,1.5,1,0
708958,2017-08-26,2017-08-26,916,103952,30-34,M,28,32,31,9502,3,3.16,1,0
708979,2017-08-27,2017-08-27,916,103955,30-34,M,31,37,34,1224,0,0,1,0
709023,2017-08-28,2017-08-28,916,103962,30-34,M,7,8,8,735,0,0,1,0
709038,2017-08-29,2017-08-29,916,103965,30-34,M,16,20,22,5117,0,0,1,0
709040,2017-08-30,2017-08-30,916,103965,30-34,M,16,19,21,5120,0,0,1,0
709059,2017-08-31,2017-08-31,916,103968,30-34,M,20,26,23,14669,7,10.28,1,1
709105,2017-09-01,2017-09-01,916,103976,30-34,M,28,30,32,1241,0,0,1,1
709115,2017-09-02,2017-09-02,916,103978,30-34,M,30,34,31,2305,1,0.57,1,0
709124,2017-09-03,2017-09-03,916,103979,30-34,M,31,34,33,1024,0,0,1,1
709179,2017-09-04,2017-09-04,916,103988,35-39,M,15,16,17,4627,1,1.69,1,0
709183,2017-09-05,2017-09-05,916,103989,35-39,M,16,20,22,21026,4,4.63,2,1
709320,2017-09-06,2017-09-06,916,104012,35-39,M,15,21,20,1422,0,0,1,1
709323,2017-09-07,2017-09-07,916,104012,35-39,M,15,17,19,7132,2,2.61,1,0
709326,2017-09-08,2017-09-08,916,104013,35-39,M,16,22,22,12190,2,3.05,1,0
709327,2017-09-09,2017-09-09,916,104013,35-39,M,16,22,20,12193,2,3.06,1,1
709328,2017-09-10,2017-09-10,916,104013,35-39,M,16,19,18,3332,0,0,1,1
709455,2017-09-11,2017-09-11,916,104034,35-39,M,7,12,10,559,0,0,1,0
709544,2017-09-12,2017-09-12,916,104049,35-39,M,29,33,32,7440,2,2.98,1,1
709614,2017-09-13,2017-09-13,916,104061,40-44,M,16,19,20,19113,4,5.52,1,0
709756,2017-09-14,2017-09-14,916,104085,40-44,M,16,21,21,10976,2,1.69,1,1
709761,2017-09-15,2017-09-15,916,104085,40-44,M,16,19,20,2861,0,0,1,0
709899,2017-09-16,2017-09-16,916,104108,40-44,M,15,18,20,1398,0,0,1,1
709901,2017-09-17,2017-09-17,916,104109,40-44,M,16,18,20,23817,7,8.47,1,1
710045,2017-09-18,2017-09-18,916,104133,45-49,M,16,22,17,47224,12,15.82,1,0
710088,2017-09-19,2017-09-19,916,104140,45-49,M,24,26,27,2283,1,1.47,1,0
710360,2017-09-20,2017-09-20,916,104185,45-49,M,21,26,24,2182,1,1.53,1,1
710477,2017-09-21,2017-09-21,916,104205,30-34,F,16,19,19,2654,0,0,1,1
710480,2017-09-22,2017-09-22,916,104205,30-34,F,16,21,20,57665,14,18.07,1,1
710571,2017-09-23,2017-09-23,916,104220,30-34,F,32,37,38,3091,1,1.61,1,1
710617,2017-09-24,2017-09-24,916,104228,30-34,F,15,19,16,5014,1,1.19,1,0
710623,2017-09-25,2017-09-25,916,104229,30-34,F,16,19,20,38726,7,9.22,1,0
710628,2017-09-26,2017-09-26,916,104230,30-34,F,18,24,22,1473,0,0,1,0
710682,2017-09-27,2017-09-27,916,104239,30-34,F,27,33,32,1186,0,0,1,0
710763,2017-09-28,2017-09-28,916,104252,30-34,F,15,19,17,5369,1,1.51,1,0
710836,2017-09-29,2017-09-29,916,104265,30-34,F,29,33,31,22221,7,9.43,1,1
710867,2017-09-30,2017-09-30,916,104270,30-34,F,63,64,68,1185,0,0,1,0
710880,2017-10-01,2017-10-01,916,104272,30-34,F,65,70,68,13019,5,6.96,1,0
710961,2017-10-02,2017-10-02,916,104285,35-39,F,25,29,26,2508,1,1.22,1,0
710968,2017-10-03,2017-10-03,916,104287,35-39,F,27,31,29,5864,2,2.8,1,1
711217,2017-10-04,2017-10-04,916,104328,35-39,F,20,26,23,2783,1,1.6,1,0
711623,2017-10-05,2017-10-05,916,104396,40-44,F,15,18,20,3812,1,1.13,2,1
711764,2017-10-06,2017-10-06,916,104419,45-49,F,10,16,11,11199,4,5.73,1,1
711785,2017-10-07,2017-10-07,916,104423,45-49,F,19,25,23,292,0,0,1,0
711877,2017-10-08,2017-10-08,916,104438,45-49,F,63,67,65,17572,7,9.38,1,0
712052,2017-10-09,2017-10-09,916,104467,45-49,F,10,13,11,1448,0,0,1,1
734209,2017-10-10,2017-10-10,936,108654,30-34,M,10,16,14,1772,0,0,1,1
734210,2017-10-11,2017-10-11,936,108654,30-34,M,10,16,13,13329,4,5.63,1,1
734215,2017-10-12,2017-10-12,936,108655,30-34,M,15,19,17,13659,3,3.84,1,0
734243,2017-10-13,2017-10-13,936,108660,30-34,M,21,23,24,739,0,0,1,1
734266,2017-10-14,2017-10-14,936,108664,30-34,M,25,30,27,605,0,0,1,0
734272,2017-10-15,2017-10-15,936,108665,30-34,M,26,32,29,1030,0,0,1,0
734290,2017-10-16,2017-10-16,936,108668,30-34,M,29,32,35,5374,1,1.04,4,0
734313,2017-10-17,2017-10-17,936,108672,30-34,M,36,38,38,790,0,0,1,1
734314,2017-10-18,2017-10-18,936,108672,30-34,M,36,38,38,962,0,0,1,0
734352,2017-10-19,2017-10-19,936,108678,35-39,M,10,11,16,4423,1,1.46,1,1
734361,2017-10-20,2017-10-20,936,108680,35-39,M,16,19,19,12382,2,2.84,1,1
734381,2017-10-21,2017-10-21,936,108683,35-39,M,20,25,24,2938,1,1.35,1,1
734399,2017-10-22,2017-10-22,936,108686,35-39,M,23,24,27,239,0,0,1,0
734418,2017-10-23,2017-10-23,936,108689,35-39,M,26,27,28,591,0,0,1,0
734421,2017-10-24,2017-10-24,936,108690,35-39,M,27,29,32,10332,4,5.75,1,0
734427,2017-10-25,2017-10-25,936,108691,35-39,M,28,29,31,8259,3,3.98,1,0
734433,2017-10-26,2017-10-26,936,108692,35-39,M,29,35,31,12158,3,4.45,1,0
734582,2017-10-27,2017-10-27,936,108716,40-44,M,29,33,33,7709,2,1.32,2,0
734605,2017-10-28,2017-10-28,936,108720,40-44,M,36,37,41,834,0,0,1,0
734660,2017-10-29,2017-10-29,936,108729,45-49,M,18,22,23,1299,0,0,2,0
734666,2017-10-30,2017-10-30,936,108730,45-49,M,19,24,20,371,0,0,1,0
734726,2017-10-31,2017-10-31,936,108740,45-49,M,29,30,35,10466,3,4.09,1,0
734737,2017-11-01,2017-11-01,936,108742,45-49,M,31,37,33,839,0,0,1,0
734785,2017-11-02,2017-11-02,936,108750,30-34,F,10,13,13,5576,1,1.53,1,1
734794,2017-11-03,2017-11-03,936,108752,30-34,F,16,19,17,4010,0,0,1,0
734796,2017-11-04,2017-11-04,936,108752,30-34,F,16,22,17,39337,7,10.03,1,1
734800,2017-11-05,2017-11-05,936,108753,30-34,F,18,20,20,1635,0,0,1,0
734803,2017-11-06,2017-11-06,936,108753,30-34,F,18,19,21,1631,0,0,1,0
734852,2017-11-07,2017-11-07,936,108761,30-34,F,26,30,29,13479,3,4.25,1,0
734854,2017-11-08,2017-11-08,936,108762,30-34,F,27,33,32,57022,13,20.29,3,3
734856,2017-11-09,2017-11-09,936,108762,30-34,F,27,28,32,5453,1,1.39,1,1
734866,2017-11-10,2017-11-10,936,108764,30-34,F,29,32,31,11803,3,4.44,1,0
734881,2017-11-11,2017-11-11,936,108766,30-34,F,31,32,34,4259,1,1.57,1,1
734901,2017-11-12,2017-11-12,936,108770,30-34,F,64,70,68,1554,0,0,1,0
734903,2017-11-13,2017-11-13,936,108770,30-34,F,64,69,67,5323,1,1.29,1,1
734925,2017-11-14,2017-11-14,936,108774,35-39,F,10,11,12,5024,1,1.41,1,1
734939,2017-11-15,2017-11-15,936,108776,35-39,F,16,19,22,104648,24,33.33,4,2
734968,2017-11-16,2017-11-16,936,108781,35-39,F,22,25,27,8504,3,3.34,1,1
734999,2017-11-17,2017-11-17,936,108786,35-39,F,27,32,32,20277,6,8.05,1,0
735014,2017-11-18,2017-11-18,936,108788,35-39,F,29,34,30,12403,4,5.21,1,1
735032,2017-11-19,2017-11-19,936,108791,35-39,F,32,33,34,498,0,0,1,1
735033,2017-11-20,2017-11-20,936,108792,35-39,F,36,40,40,652,0,0,0,0
735043,2017-11-21,2017-11-21,936,108793,35-39,F,63,65,69,1357,0,0,1,1
735048,2017-11-22,2017-11-22,936,108794,35-39,F,64,65,68,1393,0,0,1,0
735065,2017-11-23,2017-11-23,936,108797,40-44,F,7,10,12,648,0,0,1,0
735109,2017-11-24,2017-11-24,936,108804,40-44,F,21,26,25,708,0,0,1,1
735140,2017-11-25,2017-11-25,936,108809,40-44,F,26,27,31,6907,2,2.35,1,0
735143,2017-11-26,2017-11-26,936,108810,40-44,F,27,28,30,39035,13,19.33,1,0
735151,2017-11-27,2017-11-27,936,108811,40-44,F,28,30,31,926,0,0,1,0
735184,2017-11-28,2017-11-28,936,108817,40-44,F,63,66,67,4412,1,1.45,1,0
735189,2017-11-29,2017-11-29,936,108818,40-44,F,64,65,66,9965,3,4.05,1,0
735213,2017-11-30,2017-11-30,936,108822,45-49,F,10,16,11,73634,23,32.98,1,0
735220,2017-12-01,2017-12-01,936,108823,45-49,F,15,17,17,69708,20,31.29,1,0
735242,2017-12-02,2017-12-02,936,108826,45-49,F,19,25,21,530,0,0,1,0
735247,2017-12-03,2017-12-03,936,108827,45-49,F,20,24,25,14257,6,8.79,1,0
735289,2017-12-04,2017-12-04,936,108834,45-49,F,27,30,30,20362,5,9.12,1,1
735290,2017-12-05,2017-12-05,936,108834,45-49,F,27,29,33,12215,4,6.26,1,0
735298,2017-12-06,2017-12-06,936,108836,45-49,F,29,31,32,85412,28,38.64,2,1
736869,2017-12-07,2017-12-07,936,109448,30-34,M,2,6,8,2338,1,0.24,1,0
736890,2017-12-08,2017-12-08,936,109451,30-34,M,15,16,20,2522,0,0,1,0
736893,2017-12-09,2017-12-09,936,109452,30-34,M,16,17,17,3587,0,0,1,0
736977,2017-12-10,2017-12-10,936,109470,30-34,M,27,30,28,1273,0,0,1,0
736988,2017-12-11,2017-12-11,936,109472,30-34,M,28,29,29,3891,1,1.09,1,0
736995,2017-12-12,2017-12-12,936,109473,30-34,M,29,34,34,1888,0,0,1,0
736997,2017-12-13,2017-12-13,936,109473,30-34,M,29,32,33,1895,0,0,1,0
737097,2017-12-14,2017-12-14,936,109498,35-39,M,7,10,11,715,0,0,1,0
737130,2017-12-15,2017-12-15,936,109507,35-39,M,16,19,18,11199,2,2.68,1,0
737320,2017-12-16,2017-12-16,936,109553,35-39,M,63,64,66,5676,2,3.01,1,0
737375,2017-12-17,2017-12-17,936,109565,40-44,M,10,11,11,1415,0,0,1,0
737524,2017-12-18,2017-12-18,936,109601,40-44,M,30,34,33,2148,1,1.58,1,1
737644,2017-12-19,2017-12-19,936,109629,45-49,M,16,22,17,45401,10,14.06,1,0
737657,2017-12-20,2017-12-20,936,109633,45-49,M,18,23,20,7478,2,2.9,1,1
737658,2017-12-21,2017-12-21,936,109633,45-49,M,18,19,24,4919,1,1.59,1,0
737674,2017-12-22,2017-12-22,936,109637,45-49,M,20,21,24,533,0,0,1,1
737766,2017-12-23,2017-12-23,936,109659,45-49,M,29,33,33,1447,0,0,1,1
737896,2017-12-24,2017-12-24,936,109689,30-34,F,16,21,22,17553,3,4.59,1,0
737931,2017-12-25,2017-12-25,936,109698,30-34,F,20,26,24,3343,1,0.54,1,0
737961,2017-12-26,2017-12-26,936,109706,30-34,F,23,29,28,523,0,0,1,0
737995,2017-12-27,2017-12-27,936,109714,30-34,F,26,27,31,1873,0,0,1,0
738006,2017-12-28,2017-12-28,936,109717,30-34,F,27,29,32,34740,7,13.41,1,1
738067,2017-12-29,2017-12-29,936,109731,30-34,F,32,37,36,658,0,0,1,0
738098,2017-12-30,2017-12-30,936,109738,30-34,F,64,70,68,1539,0,0,1,0
738307,2017-12-31,2017-12-31,936,109788,35-39,F,31,36,36,3010,1,0.86,1,1
738389,2018-01-01,2018-01-01,936,109808,40-44,F,10,16,12,27081,9,10.77,1,1
738408,2018-01-02,2018-01-02,936,109813,40-44,F,16,22,22,20233,4,5.59,3,0
738413,2018-01-03,2018-01-03,936,109813,40-44,F,16,17,19,147159,36,58.16,3,1
738423,2018-01-04,2018-01-04,936,109816,40-44,F,18,20,24,21664,7,10.62,1,1
738436,2018-01-05,2018-01-05,936,109820,40-44,F,19,21,20,9112,4,5.46,1,1
738463,2018-01-06,2018-01-06,936,109826,40-44,F,21,23,24,542,0,0,1,0
738528,2018-01-07,2018-01-07,936,109839,40-44,F,30,34,33,402,0,0,1,1
738560,2018-01-08,2018-01-08,936,109844,40-44,F,64,70,66,1338,0,0,1,0
738582,2018-01-09,2018-01-09,936,109848,45-49,F,10,16,12,46150,15,20.18,1,1
738592,2018-01-10,2018-01-10,936,109850,45-49,F,16,22,20,493821,116,176.38,4,1
738593,2018-01-11,2018-01-11,936,109850,45-49,F,16,17,21,92011,27,34.39,2,1
738598,2018-01-12,2018-01-12,936,109851,45-49,F,18,23,24,12956,4,5.49,1,1
738606,2018-01-13,2018-01-13,936,109852,45-49,F,19,20,23,529,0,0,1,0
738637,2018-01-14,2018-01-14,936,109857,45-49,F,24,26,30,944,1,1.42,1,0
738648,2018-01-15,2018-01-15,936,109859,45-49,F,26,30,27,111090,38,51.97,5,1
747212,2018-01-16,2018-01-16,936,110836,30-34,M,10,16,14,7208,2,3.19,1,0
747213,2018-01-17,2018-01-17,936,110836,30-34,M,10,12,11,1746,0,0,1,0
747220,2018-01-18,2018-01-18,936,110837,30-34,M,15,17,16,2474,0,0,2,2
747222,2018-01-19,2018-01-19,936,110838,30-34,M,16,22,20,12489,2,1.96,1,0
747223,2018-01-20,2018-01-20,936,110838,30-34,M,16,18,18,8032,1,0.6,2,0
747248,2018-01-21,2018-01-21,936,110842,30-34,M,21,24,24,472,0,0,1,1
747332,2018-01-22,2018-01-22,936,110856,30-34,M,64,68,65,792,0,0,1,1
747362,2018-01-23,2018-01-23,936,110861,35-39,M,15,16,18,4607,1,1.15,1,1
747369,2018-01-24,2018-01-24,936,110862,35-39,M,16,17,21,13355,2,3.18,1,1
747370,2018-01-25,2018-01-25,936,110862,35-39,M,16,17,19,2936,0,0,1,0
747401,2018-01-26,2018-01-26,936,110867,35-39,M,22,25,25,2793,1,0.98,1,1
747435,2018-01-27,2018-01-27,936,110873,35-39,M,28,29,30,1032,0,0,1,0
747439,2018-01-28,2018-01-28,936,110874,35-39,M,29,35,33,1662,0,0,1,1
747489,2018-01-29,2018-01-29,936,110882,40-44,M,2,7,6,4016,2,1.48,1,1
747514,2018-01-30,2018-01-30,936,110886,40-44,M,16,20,17,14843,3,2.94,1,1
747645,2018-01-31,2018-01-31,936,110908,45-49,M,10,14,13,9674,3,4.6,1,1
747659,2018-02-01,2018-02-01,936,110910,45-49,M,16,21,17,12186,2,2.67,1,0
747675,2018-02-02,2018-02-02,936,110913,45-49,M,20,22,21,673,0,0,1,0
747678,2018-02-03,2018-02-03,936,110914,45-49,M,21,27,23,370,0,0,1,1
747712,2018-02-04,2018-02-04,936,110919,45-49,M,26,30,29,450,0,0,1,1
747790,2018-02-05,2018-02-05,936,110932,30-34,F,10,12,14,2077,0,0,1,1
747791,2018-02-06,2018-02-06,936,110932,30-34,F,10,14,13,31393,8,10.96,1,1
747795,2018-02-07,2018-02-07,936,110933,30-34,F,15,21,18,8410,2,2.36,1,1
747798,2018-02-08,2018-02-08,936,110934,30-34,F,16,21,20,25884,5,7.35,1,0
747824,2018-02-09,2018-02-09,936,110938,30-34,F,21,24,23,608,0,0,1,1
747828,2018-02-10,2018-02-10,936,110939,30-34,F,22,24,24,28488,10,9.34,1,0
747852,2018-02-11,2018-02-11,936,110943,30-34,F,26,32,32,10126,3,4.62,1,0
747859,2018-02-12,2018-02-12,936,110944,30-34,F,27,32,33,22572,5,8.5,1,0
747863,2018-02-13,2018-02-13,936,110944,30-34,F,27,30,33,1955,0,0,1,1
747879,2018-02-14,2018-02-14,936,110947,30-34,F,30,36,31,493,0,0,1,0
747903,2018-02-15,2018-02-15,936,110951,30-34,F,63,69,69,1491,0,0,1,1
747911,2018-02-16,2018-02-16,936,110952,30-34,F,64,66,66,1495,0,0,1,1
747968,2018-02-17,2018-02-17,936,110962,35-39,F,21,27,24,512,0,0,0,0
747991,2018-02-18,2018-02-18,936,110966,35-39,F,25,31,27,4868,2,2.42,1,0
748000,2018-02-19,2018-02-19,936,110967,35-39,F,26,27,32,6585,2,2.95,1,0
748007,2018-02-20,2018-02-20,936,110968,35-39,F,27,29,28,10164,2,3.72,1,1
748014,2018-02-21,2018-02-21,936,110970,35-39,F,29,31,35,11182,4,4.45,1,0
748045,2018-02-22,2018-02-22,936,110975,35-39,F,63,69,64,1238,0,0,1,0
748086,2018-02-23,2018-02-23,936,110982,40-44,F,16,19,18,34127,8,13.07,1,0
748087,2018-02-24,2018-02-24,936,110982,40-44,F,16,22,19,29466,7,10.85,2,0
748089,2018-02-25,2018-02-25,936,110982,40-44,F,16,18,21,38759,9,10.85,1,0
748091,2018-02-26,2018-02-26,936,110982,40-44,F,16,17,19,41720,10,12.06,1,1
748225,2018-02-27,2018-02-27,936,111005,45-49,F,15,16,17,18602,5,8.86,1,0
748230,2018-02-28,2018-02-28,936,111006,45-49,F,16,17,20,83929,21,27.73,4,1
748231,2018-03-01,2018-03-01,936,111006,45-49,F,16,18,21,25194,6,7.35,1,0
748233,2018-03-02,2018-03-02,936,111006,45-49,F,16,22,18,78627,19,26.53,1,0
748235,2018-03-03,2018-03-03,936,111006,45-49,F,16,18,19,102695,25,39.43,3,0
748294,2018-03-04,2018-03-04,936,111016,45-49,F,27,32,31,82827,24,47.93,3,0
748295,2018-03-05,2018-03-05,936,111016,45-49,F,27,31,32,9240,3,6.04,1,0
748303,2018-03-06,2018-03-06,936,111018,45-49,F,29,32,33,7706,2,2.37,1,0
748314,2018-03-07,2018-03-07,936,111020,45-49,F,31,34,32,7821,4,6.34,1,1
748341,2018-03-08,2018-03-08,936,111024,45-49,F,64,67,68,1363,0,0,1,1
776318,2018-03-09,2018-03-09,936,115484,45-49,F,15,16,19,3569,0,0,1,1
776322,2018-03-10,2018-03-10,936,115485,45-49,F,16,21,20,119063,34,53.22,1,0
776323,2018-03-11,2018-03-11,936,115485,45-49,F,16,17,18,99078,23,35.8,2,0
776325,2018-03-12,2018-03-12,936,115485,45-49,F,16,19,20,452398,114,180.22,1,0
776334,2018-03-13,2018-03-13,936,115487,45-49,F,10,12,16,191223,48,76.41,1,0
776336,2018-03-14,2018-03-14,936,115487,45-49,F,10,15,14,22216,6,9.55,1,0
776338,2018-03-15,2018-03-15,936,115487,45-49,F,10,12,11,48291,11,18.02,1,0
776353,2018-03-16,2018-03-16,936,115490,40-44,F,63,66,67,27559,8,13.37,1,0
776373,2018-03-17,2018-03-17,936,115493,45-49,F,25,27,27,10194,4,4.59,2,1
776383,2018-03-18,2018-03-18,936,115495,45-49,F,23,27,29,1168,0,0,1,1
776405,2018-03-19,2018-03-19,936,115498,45-49,F,21,25,22,40126,16,25.86,1,0
776416,2018-03-20,2018-03-20,936,115500,45-49,F,19,22,20,3659,1,0.49,1,1
776430,2018-03-21,2018-03-21,936,115503,30-34,M,10,14,16,3200,0,0,1,0
776464,2018-03-22,2018-03-22,936,115508,45-49,F,29,30,31,7550,1,1.68,1,1
776469,2018-03-23,2018-03-23,936,115509,45-49,F,28,33,29,45397,15,25.42,1,1
776473,2018-03-24,2018-03-24,936,115510,30-34,M,16,22,22,23086,2,3.31,1,1
776475,2018-03-25,2018-03-25,936,115510,30-34,M,16,21,20,16425,1,1.55,1,0
776476,2018-03-26,2018-03-26,936,115510,30-34,M,16,17,18,43756,5,5.44,0,0
776477,2018-03-27,2018-03-27,936,115510,30-34,M,16,22,17,9982,0,0,1,0
776489,2018-03-28,2018-03-28,936,115512,45-49,F,26,31,28,175389,55,81.61,1,0
776494,2018-03-29,2018-03-29,936,115513,30-34,M,15,16,16,7015,0,0,1,0
776515,2018-03-30,2018-03-30,936,115517,45-49,F,65,68,68,12706,3,4.99,1,1
776519,2018-03-31,2018-03-31,936,115517,45-49,F,65,71,67,70702,20,31.71,1,0
776533,2018-04-01,2018-04-01,936,115520,45-49,F,63,64,68,63927,16,25.52,2,0
776534,2018-04-02,2018-04-02,936,115520,45-49,F,63,69,67,15105,3,4.26,1,0
776538,2018-04-03,2018-04-03,936,115521,30-34,F,15,16,19,8774,1,1.83,1,0
776551,2018-04-04,2018-04-04,936,115523,30-34,F,16,18,22,14459,1,1.39,1,0
776552,2018-04-05,2018-04-05,936,115523,30-34,F,16,17,18,21596,2,2.81,1,0
776553,2018-04-06,2018-04-06,936,115523,30-34,F,16,21,17,66765,8,11.05,1,0
776563,2018-04-07,2018-04-07,936,115525,30-34,F,7,9,13,1369,0,0,1,1
776579,2018-04-08,2018-04-08,936,115527,30-34,F,10,13,14,26910,5,7.23,1,0
776603,2018-04-09,2018-04-09,936,115531,30-34,F,2,3,6,506,0,0,1,0
776615,2018-04-10,2018-04-10,936,115533,45-49,M,63,66,68,11988,3,4.27,1,0
776623,2018-04-11,2018-04-11,936,115535,45-49,M,64,69,65,19353,6,9.48,1,1
776631,2018-04-12,2018-04-12,936,115536,40-44,M,29,35,33,10960,2,2.89,1,0
776643,2018-04-13,2018-04-13,936,115538,30-34,M,15,18,18,33491,6,10.57,2,1
776644,2018-04-14,2018-04-14,936,115538,30-34,M,15,21,20,20083,2,3.2,2,1
776659,2018-04-15,2018-04-15,936,115541,30-34,M,16,19,22,8817,0,0,1,1
776661,2018-04-16,2018-04-16,936,115541,30-34,M,16,18,22,15466,1,0.97,1,0
776662,2018-04-17,2018-04-17,936,115541,30-34,M,16,18,22,27072,3,4.37,1,0
776663,2018-04-18,2018-04-18,936,115541,30-34,M,16,19,22,15753,1,0.57,1,1
776668,2018-04-19,2018-04-19,936,115542,40-44,M,19,21,24,3523,1,1.81,1,1
776685,2018-04-20,2018-04-20,936,115545,40-44,M,16,22,17,7745,0,0,1,0
776686,2018-04-21,2018-04-21,936,115545,40-44,M,16,17,21,18709,2,3.32,1,0
776687,2018-04-22,2018-04-22,936,115545,40-44,M,16,20,20,8022,0,0,2,1
776696,2018-04-23,2018-04-23,936,115547,30-34,M,10,11,12,7966,1,1.18,1,1
776697,2018-04-24,2018-04-24,936,115547,30-34,M,10,14,13,4132,0,0,1,1
776698,2018-04-25,2018-04-25,936,115547,30-34,M,10,14,16,12785,3,4.73,2,1
776699,2018-04-26,2018-04-26,936,115547,30-34,M,10,16,16,8213,1,1.38,1,1
776722,2018-04-27,2018-04-27,936,115551,30-34,M,2,4,7,545,0,0,1,1
776725,2018-04-28,2018-04-28,936,115552,40-44,M,23,26,27,2479,1,1.26,1,0
776780,2018-04-29,2018-04-29,936,115561,40-44,M,2,4,3,3812,2,3.05,1,0
776793,2018-04-30,2018-04-30,936,115563,45-49,M,21,23,26,1609,0,0,1,0
776799,2018-05-01,2018-05-01,936,115564,45-49,M,20,22,26,10257,3,3.58,1,1
776817,2018-05-02,2018-05-02,936,115567,40-44,M,10,14,16,12356,4,6.28,1,0
776825,2018-05-03,2018-05-03,936,115568,45-49,M,18,23,20,7410,1,1.21,1,0
776829,2018-05-04,2018-05-04,936,115569,45-49,M,16,20,19,140098,28,46.63,1,0
776831,2018-05-05,2018-05-05,936,115569,45-49,M,16,18,20,107021,20,34.44,1,0
776840,2018-05-06,2018-05-06,936,115571,35-39,M,36,38,40,2797,1,1.29,1,0
776861,2018-05-07,2018-05-07,936,115574,45-49,M,7,9,12,16461,6,9.22,1,0
776892,2018-05-08,2018-05-08,936,115580,40-44,M,63,66,69,17488,5,7.72,1,0
776928,2018-05-09,2018-05-09,936,115586,35-39,M,10,11,15,9750,2,1.5,1,1
776935,2018-05-10,2018-05-10,936,115587,45-49,M,36,41,38,1136,0,0,1,1
777105,2018-05-11,2018-05-11,936,115615,45-49,M,63,67,67,4333,1,0.18,1,1
777130,2018-05-12,2018-05-12,936,115619,35-39,M,16,21,22,6260,0,0,1,0
777131,2018-05-13,2018-05-13,936,115619,35-39,M,16,19,21,6359,0,0,1,0
777166,2018-05-14,2018-05-14,936,115625,30-34,M,63,69,65,2383,0,0,1,1
777187,2018-05-15,2018-05-15,936,115629,40-44,M,27,31,28,11292,3,5.39,1,1
777198,2018-05-16,2018-05-16,936,115631,30-34,M,64,70,69,12729,4,5.78,1,0
777200,2018-05-17,2018-05-17,936,115631,30-34,M,64,69,70,1898,0,0,1,1
777201,2018-05-18,2018-05-18,936,115631,30-34,M,64,69,65,1882,0,0,1,1
777235,2018-05-19,2018-05-19,936,115637,30-34,M,65,66,67,2883,1,0.99,1,1
777248,2018-05-20,2018-05-20,936,115639,30-34,F,7,9,10,3989,1,1.28,1,0
777261,2018-05-21,2018-05-21,936,115641,40-44,M,29,31,34,19603,4,5.28,1,1
777382,2018-05-22,2018-05-22,936,115675,40-44,M,24,26,27,3047,1,1.38,1,0
777398,2018-05-23,2018-05-23,936,115677,35-39,M,24,27,30,3029,1,1.05,1,1
777410,2018-05-24,2018-05-24,936,115679,45-49,M,26,29,28,3490,1,1.34,1,1
777482,2018-05-25,2018-05-25,936,115691,45-49,M,28,32,32,2479,0,0,1,0
777495,2018-05-26,2018-05-26,936,115693,40-44,M,19,25,25,19581,7,10.43,2,0
777519,2018-05-27,2018-05-27,936,115697,45-49,M,29,34,32,19537,5,6.1,1,0
777625,2018-05-28,2018-05-28,936,115715,45-49,M,16,17,19,59433,12,19.66,3,0
777627,2018-05-29,2018-05-29,936,115715,45-49,M,16,17,19,157534,33,56.19,2,0
777638,2018-05-30,2018-05-30,936,115717,40-44,M,7,10,12,1781,0,0,1,1
777670,2018-05-31,2018-05-31,936,115723,40-44,M,16,19,19,23769,4,6.03,1,0
777673,2018-06-01,2018-06-01,936,115723,40-44,M,16,18,17,7101,0,0,1,0
777742,2018-06-02,2018-06-02,936,115735,35-39,M,64,69,68,4726,1,1.83,1,1
777758,2018-06-03,2018-06-03,936,115737,30-34,M,19,20,20,5209,1,0.96,2,0
777794,2018-06-04,2018-06-04,936,115743,30-34,M,18,23,24,13473,3,2.62,3,0
777816,2018-06-05,2018-06-05,936,115747,40-44,M,2,7,7,500,0,0,1,1
777871,2018-06-06,2018-06-06,936,115756,30-34,M,20,26,23,4616,1,1.36,1,0
777904,2018-06-07,2018-06-07,936,115762,30-34,M,31,32,33,3279,0,0,1,0
777905,2018-06-08,2018-06-08,936,115762,30-34,M,31,36,36,3288,0,0,1,0
778037,2018-06-09,2018-06-09,936,115784,35-39,M,27,29,28,14615,4,6.05,1,0
778048,2018-06-10,2018-06-10,936,115786,30-34,M,27,28,29,56615,12,19.88,2,0
778085,2018-06-11,2018-06-11,936,115792,30-34,M,26,32,31,11735,3,4.53,1,1
778087,2018-06-12,2018-06-12,936,115792,30-34,M,26,30,32,15910,5,6.78,1,0
778112,2018-06-13,2018-06-13,936,115796,35-39,M,29,33,35,11446,2,3.09,1,1
778113,2018-06-14,2018-06-14,936,115796,35-39,M,29,35,35,4595,0,0,1,0
778124,2018-06-15,2018-06-15,936,115798,30-34,M,29,34,32,4871,0,0,1,0
778148,2018-06-16,2018-06-16,936,115802,35-39,M,28,32,30,3199,0,0,1,0
778156,2018-06-17,2018-06-17,936,115804,30-34,M,28,32,31,9388,2,3.14,1,0
778161,2018-06-18,2018-06-18,936,115804,30-34,M,28,31,33,17954,6,7.54,2,1
778208,2018-06-19,2018-06-19,936,115812,40-44,F,29,32,32,2755,0,0,1,0
778264,2018-06-20,2018-06-20,936,115822,40-44,F,27,31,30,8152,1,0.99,1,0
778266,2018-06-21,2018-06-21,936,115822,40-44,F,27,32,28,74542,19,34.15,1,0
778421,2018-06-22,2018-06-22,936,115848,40-44,F,20,21,23,6699,2,3.09,1,0
778422,2018-06-23,2018-06-23,936,115848,40-44,F,20,25,24,11911,4,3.96,1,0
778461,2018-06-24,2018-06-24,936,115854,40-44,M,29,35,33,10090,2,2.65,1,1
778471,2018-06-25,2018-06-25,936,115856,30-34,M,32,35,36,1273,0,0,1,1
778483,2018-06-26,2018-06-26,936,115858,40-44,F,18,24,20,24188,5,8.18,1,0
778529,2018-06-27,2018-06-27,936,115866,30-34,M,31,35,33,2214,0,0,1,0
778556,2018-06-28,2018-06-28,936,115870,40-44,M,32,35,38,9735,4,4.13,1,1
778590,2018-06-29,2018-06-29,936,115876,30-34,M,30,36,36,1371,0,0,1,1
778600,2018-06-30,2018-06-30,936,115878,40-44,F,22,23,25,10750,4,5.39,1,0
778626,2018-07-01,2018-07-01,936,115882,30-34,M,29,33,35,7629,1,0.72,1,1
778628,2018-07-02,2018-07-02,936,115882,30-34,M,29,35,30,4608,0,0,1,0
778674,2018-07-03,2018-07-03,936,115890,35-39,M,29,31,30,3732,0,0,1,0
778689,2018-07-04,2018-07-04,936,115892,30-34,M,28,32,32,7453,1,1.68,1,1
778722,2018-07-05,2018-07-05,936,115898,35-39,F,64,70,67,41785,14,19.1,1,0
778737,2018-07-06,2018-07-06,936,115900,35-39,M,27,32,30,8077,2,3.58,1,1
778756,2018-07-07,2018-07-07,936,115904,35-39,F,63,65,65,5602,1,1.58,1,0
778804,2018-07-08,2018-07-08,936,115912,30-34,M,26,29,29,6184,2,2.75,1,1
778808,2018-07-09,2018-07-09,936,115912,30-34,M,26,28,29,1738,0,0,1,0
778964,2018-07-10,2018-07-10,936,115938,35-39,F,27,33,28,112460,25,41.29,1,0
779057,2018-07-11,2018-07-11,936,115954,40-44,M,15,21,21,4414,0,0,1,0
779106,2018-07-12,2018-07-12,936,115962,35-39,F,30,35,36,14670,7,9.41,1,0
779438,2018-07-13,2018-07-13,936,116031,30-34,F,64,66,69,33144,9,13.41,1,0
779453,2018-07-14,2018-07-14,936,116033,45-49,M,64,68,70,4397,1,0.95,1,0
779488,2018-07-15,2018-07-15,936,116039,45-49,M,65,68,69,1006,0,0,1,0
779573,2018-07-16,2018-07-16,936,116053,35-39,F,10,13,16,89527,24,32.29,1,0
779608,2018-07-17,2018-07-17,936,116059,35-39,F,15,18,16,2459,0,0,1,0
779609,2018-07-18,2018-07-18,936,116059,35-39,F,15,20,18,7116,2,1.73,1,1
779622,2018-07-19,2018-07-19,936,116061,30-34,F,15,18,17,8613,1,0.89,2,0
779631,2018-07-20,2018-07-20,936,116063,35-39,F,16,19,18,9730,1,1.38,1,0
779644,2018-07-21,2018-07-21,936,116065,30-34,F,16,20,20,51816,8,10.23,2,1
779645,2018-07-22,2018-07-22,936,116065,30-34,F,16,21,20,27289,3,4.43,1,0
779715,2018-07-23,2018-07-23,936,116077,30-34,F,29,32,33,20409,4,3.83,1,0
779716,2018-07-24,2018-07-24,936,116077,30-34,F,29,32,34,8044,1,1.11,1,0
779738,2018-07-25,2018-07-25,936,116081,30-34,F,28,32,33,15645,4,5.35,1,0
779778,2018-07-26,2018-07-26,936,116087,30-34,F,31,37,34,2466,0,0,2,2
779789,2018-07-27,2018-07-27,936,116089,45-49,M,10,14,13,11611,3,3.95,1,1
779824,2018-07-28,2018-07-28,936,116095,45-49,M,7,13,9,9375,3,4.02,1,0
779871,2018-07-29,2018-07-29,936,116103,30-34,F,32,37,34,4402,1,1.33,1,1
779918,2018-07-30,2018-07-30,936,116111,30-34,F,18,23,24,8469,2,3.09,1,0
779922,2018-07-31,2018-07-31,936,116111,30-34,F,18,22,24,5823,1,1.42,1,1
779944,2018-08-01,2018-08-01,936,116115,35-39,M,10,13,16,2549,0,0,1,0
779979,2018-08-02,2018-08-02,936,116121,35-39,M,16,17,21,25817,4,6.02,1,0
779995,2018-08-03,2018-08-03,936,116123,30-34,F,20,24,25,1961,0,0,1,0
780064,2018-08-04,2018-08-04,936,116135,30-34,F,22,24,25,2554,0,0,1,0
780104,2018-08-05,2018-08-05,936,116147,30-34,F,25,27,26,4971,1,1.23,1,1
780199,2018-08-06,2018-08-06,936,116163,35-39,F,23,28,27,1030,0,0,1,1
780318,2018-08-07,2018-08-07,936,116183,45-49,F,29,32,31,162341,56,77.08,3,0
780323,2018-08-08,2018-08-08,936,116183,45-49,F,29,35,34,24542,7,9.33,1,0
780486,2018-08-09,2018-08-09,936,116216,30-34,F,65,69,71,2879,0,0,1,1
780498,2018-08-10,2018-08-10,936,116218,30-34,F,64,65,68,13621,3,4.09,1,0
780511,2018-08-11,2018-08-11,936,116220,30-34,F,63,65,66,6175,1,1.37,2,1
780629,2018-08-12,2018-08-12,936,116240,30-34,F,28,34,34,2963,0,0,1,0
780653,2018-08-13,2018-08-13,936,116244,30-34,F,29,33,35,9076,1,1.38,1,1
780655,2018-08-14,2018-08-14,936,116244,30-34,F,29,33,34,20941,4,5.91,1,1
780666,2018-08-15,2018-08-15,936,116246,45-49,F,10,13,13,3462,0,0,1,0
780681,2018-08-16,2018-08-16,936,116248,30-34,F,26,29,29,4073,0,0,1,1
780700,2018-08-17,2018-08-17,936,116252,30-34,F,27,33,30,3745,0,0,1,0
780748,2018-08-18,2018-08-18,936,116265,30-34,F,24,26,28,830,0,0,1,0
780759,2018-08-19,2018-08-19,936,116267,45-49,F,18,24,22,2912,0,0,1,0
780760,2018-08-20,2018-08-20,936,116267,45-49,F,18,23,22,17167,5,6.91,1,0
780797,2018-08-21,2018-08-21,936,116273,30-34,F,22,25,25,24491,7,9.54,1,0
780799,2018-08-22,2018-08-22,936,116273,30-34,F,22,24,26,44699,13,17.3,2,0
780821,2018-08-23,2018-08-23,936,116277,30-34,F,23,24,25,6469,2,1.31,1,0
780830,2018-08-24,2018-08-24,936,116279,45-49,F,16,17,17,16053,3,4.08,1,1
780835,2018-08-25,2018-08-25,936,116279,45-49,F,16,21,21,54724,12,17.93,1,1
780867,2018-08-26,2018-08-26,936,116285,30-34,F,21,27,26,4706,1,1.22,1,0
780974,2018-08-27,2018-08-27,936,116303,40-44,F,32,38,36,8316,3,4.57,1,1
781066,2018-08-28,2018-08-28,936,116323,40-44,F,22,26,25,5794,2,2.27,1,0
781114,2018-08-29,2018-08-29,936,116331,40-44,F,18,24,22,4813,1,1.03,1,0
781159,2018-08-30,2018-08-30,936,116339,40-44,F,10,15,11,85285,26,36.13,1,0
781162,2018-08-31,2018-08-31,936,116339,40-44,F,10,11,13,5839,1,1.37,1,0
781175,2018-09-01,2018-09-01,936,116341,40-44,F,15,16,21,5859,1,1.54,1,0
781187,2018-09-02,2018-09-02,936,116343,40-44,F,16,22,19,164118,41,59.07,1,0
781195,2018-09-03,2018-09-03,936,116345,35-39,F,63,67,69,18234,6,7.81,1,0
781207,2018-09-04,2018-09-04,936,116347,35-39,F,64,67,70,2755,0,0,1,0
781303,2018-09-05,2018-09-05,936,116363,35-39,F,27,29,30,73676,20,28.5,1,0
781305,2018-09-06,2018-09-06,936,116363,35-39,F,27,30,28,18421,7,10.08,1,0
781327,2018-09-07,2018-09-07,936,116367,35-39,F,29,35,35,164754,49,67.98,2,1
781353,2018-09-08,2018-09-08,936,116371,35-39,F,10,13,15,7449,1,1.64,1,1
781354,2018-09-09,2018-09-09,936,116371,35-39,F,10,14,16,6424,1,0.53,1,0
781438,2018-09-10,2018-09-10,936,116385,30-34,M,63,65,68,2086,0,0,1,0
781470,2018-09-11,2018-09-11,936,116391,35-39,M,16,17,18,6016,0,0,1,0
781499,2018-09-12,2018-09-12,936,116395,35-39,M,15,21,20,6412,1,1.37,1,0
781508,2018-09-13,2018-09-13,936,116397,30-34,F,63,68,64,5040,1,1.44,1,0
781556,2018-09-14,2018-09-14,936,116405,30-34,F,32,37,36,1772,0,0,1,0
781559,2018-09-15,2018-09-15,936,116405,30-34,F,32,38,34,1783,0,0,1,0
781606,2018-09-16,2018-09-16,936,116413,35-39,M,20,21,24,8200,3,3.92,1,0
781690,2018-09-17,2018-09-17,936,116427,45-49,F,26,28,30,115896,38,49.44,1,0
781811,2018-09-18,2018-09-18,936,116447,35-39,F,16,17,22,10186,1,1.23,1,1
781857,2018-09-19,2018-09-19,936,116455,30-34,M,20,21,24,9134,3,4.18,2,0
781858,2018-09-20,2018-09-20,936,116455,30-34,M,20,25,22,3385,1,1.44,1,1
781907,2018-09-21,2018-09-21,936,116463,45-49,F,21,27,23,1314,0,0,1,0
781928,2018-09-22,2018-09-22,936,116467,30-34,M,18,21,22,2916,0,0,1,1
781929,2018-09-23,2018-09-23,936,116467,30-34,M,18,21,21,6142,1,1.33,1,0
781950,2018-09-24,2018-09-24,936,116471,30-34,F,20,26,21,1984,0,0,1,0
781999,2018-09-25,2018-09-25,936,116479,30-34,M,24,30,29,9142,3,3.75,1,0
782001,2018-09-26,2018-09-26,936,116479,30-34,M,24,30,28,5475,2,2.73,1,1
782022,2018-09-27,2018-09-27,936,116483,30-34,F,18,24,20,8254,2,2.32,1,1
782026,2018-09-28,2018-09-28,936,116483,30-34,F,18,24,20,5704,1,1.32,1,0
782130,2018-09-29,2018-09-29,936,116501,30-34,F,16,18,21,7301,0,0,1,0
782134,2018-09-30,2018-09-30,936,116501,30-34,F,16,19,21,37873,5,6.17,1,1
782135,2018-10-01,2018-10-01,936,116501,30-34,F,16,20,17,25267,4,4.94,2,1
782171,2018-10-02,2018-10-02,936,116507,30-34,F,30,31,32,535,0,0,1,0
782180,2018-10-03,2018-10-03,936,116509,30-34,M,29,34,30,3396,0,0,1,0
782219,2018-10-04,2018-10-04,936,116515,30-34,M,26,27,32,977,0,0,1,0
782228,2018-10-05,2018-10-05,936,116517,40-44,F,63,64,66,12318,5,6.34,1,1
782242,2018-10-06,2018-10-06,936,116519,30-34,F,28,34,31,4783,1,0.86,1,0
782275,2018-10-07,2018-10-07,936,116525,30-34,F,29,31,30,6475,1,1.35,1,0
782337,2018-10-08,2018-10-08,936,116535,45-49,F,16,18,19,104578,29,39.25,1,1
782407,2018-10-09,2018-10-09,936,116547,45-49,F,10,12,11,33664,11,12.51,1,0
782443,2018-10-10,2018-10-10,936,116553,40-44,F,20,25,24,979,0,0,1,0
782541,2018-10-11,2018-10-11,936,116569,40-44,F,28,29,30,7337,3,4.08,1,0
782587,2018-10-12,2018-10-12,936,116577,30-34,M,10,13,16,2499,0,0,1,0
782647,2018-10-13,2018-10-13,936,116587,40-44,F,27,33,30,11244,3,4.55,1,0
782658,2018-10-14,2018-10-14,936,116589,30-34,M,15,17,19,4827,0,0,1,0
782694,2018-10-15,2018-10-15,936,116595,35-39,F,29,31,35,29035,7,8.91,2,2
782706,2018-10-16,2018-10-16,936,116597,35-39,F,30,32,32,761,0,0,1,0
782754,2018-10-17,2018-10-17,936,116605,35-39,F,26,31,32,6532,1,1.61,1,0
782815,2018-10-18,2018-10-18,936,116615,40-44,F,10,16,15,11537,3,4.3,1,0
782816,2018-10-19,2018-10-19,936,116615,40-44,F,10,13,11,12183,3,2.87,1,0
782862,2018-10-20,2018-10-20,936,116623,35-39,F,64,70,67,5912,1,1.56,1,1
950068,2018-10-21,2018-10-21,936,123438,30-34,M,10,12,13,4012,1,1.57,1,0
950078,2018-10-22,2018-10-22,936,123440,30-34,M,16,22,17,12396,2,3.21,2,1
950079,2018-10-23,2018-10-23,936,123440,30-34,M,16,20,22,3142,0,0,2,2
950099,2018-10-24,2018-10-24,936,123443,30-34,M,18,23,23,1120,0,0,1,0
950109,2018-10-25,2018-10-25,936,123445,30-34,M,20,24,22,343,0,0,1,1
950170,2018-10-26,2018-10-26,936,123455,30-34,M,15,19,16,1720,0,0,1,1
950179,2018-10-27,2018-10-27,936,123457,30-34,M,16,22,19,3423,0,0,1,1
950182,2018-10-28,2018-10-28,936,123457,30-34,M,16,20,19,3242,0,0,1,0
950183,2018-10-29,2018-10-29,936,123457,30-34,M,16,22,19,15720,1,1.38,1,0
950200,2018-10-30,2018-10-30,936,123460,30-34,M,10,13,15,1217,0,0,1,1
950224,2018-10-31,2018-10-31,936,123464,40-44,M,20,21,23,2367,2,2.84,1,1
950326,2018-11-01,2018-11-01,936,123481,35-39,M,16,19,22,6607,1,1.32,2,0
950345,2018-11-02,2018-11-02,936,123484,30-34,M,64,66,65,616,0,0,1,0
950452,2018-11-03,2018-11-03,936,123502,45-49,M,16,22,22,5537,1,1.52,1,0
950463,2018-11-04,2018-11-04,936,123504,45-49,M,15,19,18,818,0,0,1,0
950495,2018-11-05,2018-11-05,936,123509,45-49,M,21,25,25,1909,1,0.98,1,0
950521,2018-11-06,2018-11-06,936,123514,30-34,M,21,27,25,351,0,0,1,0
950531,2018-11-07,2018-11-07,936,123515,45-49,M,22,24,26,572,0,0,1,0
950537,2018-11-08,2018-11-08,936,123516,40-44,M,36,41,40,1884,1,1.41,1,0
950550,2018-11-09,2018-11-09,936,123519,30-34,M,30,35,36,219,0,0,1,0
950577,2018-11-10,2018-11-10,936,123523,30-34,M,32,38,34,540,0,0,1,1
950578,2018-11-11,2018-11-11,936,123523,30-34,M,32,37,37,550,0,0,1,0
950595,2018-11-12,2018-11-12,936,123526,30-34,M,26,30,31,465,0,0,1,0
950609,2018-11-13,2018-11-13,936,123528,30-34,M,29,31,35,1761,0,0,1,1
950629,2018-11-14,2018-11-14,936,123532,30-34,M,65,67,68,152,0,0,1,1
950631,2018-11-15,2018-11-15,936,123532,30-34,M,65,70,70,152,0,0,1,1
950649,2018-11-16,2018-11-16,936,123535,30-34,M,64,67,70,429,0,0,1,0
950745,2018-11-17,2018-11-17,936,123551,30-34,M,29,32,31,1514,0,0,2,2
950770,2018-11-18,2018-11-18,936,123555,30-34,M,28,31,30,7780,3,4.33,2,2
950772,2018-11-19,2018-11-19,936,123556,35-39,M,28,30,33,460,0,0,1,0
950773,2018-11-20,2018-11-20,936,123556,35-39,M,28,29,32,471,0,0,1,0
950776,2018-11-21,2018-11-21,936,123556,35-39,M,28,29,32,2633,1,1.07,1,0
950787,2018-11-22,2018-11-22,936,123558,30-34,M,27,32,30,199,0,0,1,0
950808,2018-11-23,2018-11-23,936,123562,35-39,M,32,33,38,398,0,0,1,0
950839,2018-11-24,2018-11-24,936,123567,30-34,M,24,29,25,246,0,0,2,2
950878,2018-11-25,2018-11-25,936,123573,40-44,M,10,11,15,2967,1,1.5,1,1
950969,2018-11-26,2018-11-26,936,123588,45-49,M,36,38,40,255,0,0,1,0
951021,2018-11-27,2018-11-27,936,123597,30-34,F,7,13,9,457,0,0,1,1
951033,2018-11-28,2018-11-28,936,123599,30-34,F,10,13,13,5517,1,1.23,1,0
951035,2018-11-29,2018-11-29,936,123599,30-34,F,10,15,12,1539,0,0,1,1
951043,2018-11-30,2018-11-30,936,123601,30-34,F,16,22,17,3189,0,0,1,0
951045,2018-12-01,2018-12-01,936,123601,30-34,F,16,20,21,3348,0,0,1,0
951046,2018-12-02,2018-12-02,936,123601,30-34,F,16,18,17,20050,4,4.66,4,1
951102,2018-12-03,2018-12-03,936,123611,45-49,M,16,18,19,2254,0,0,1,0
951105,2018-12-04,2018-12-04,936,123611,45-49,M,16,20,21,5894,1,1.54,1,1
951133,2018-12-05,2018-12-05,936,123616,35-39,M,16,21,19,9948,2,2.72,2,0
951202,2018-12-06,2018-12-06,936,123627,45-49,F,26,29,28,5307,3,4.29,2,1
951225,2018-12-07,2018-12-07,936,123631,35-39,F,22,28,28,4621,2,3.25,1,1
951270,2018-12-08,2018-12-08,936,123639,35-39,F,18,21,19,784,0,0,1,1
951282,2018-12-09,2018-12-09,936,123641,35-39,F,16,22,17,5775,1,1.58,1,1
951285,2018-12-10,2018-12-10,936,123641,35-39,F,16,20,20,9297,2,2.62,2,1
951294,2018-12-11,2018-12-11,936,123643,35-39,F,15,16,17,699,0,0,1,0
951305,2018-12-12,2018-12-12,936,123644,35-39,F,10,12,13,1104,0,0,1,0
951334,2018-12-13,2018-12-13,936,123649,30-34,F,64,70,69,3717,1,1.54,1,0
951391,2018-12-14,2018-12-14,936,123659,30-34,F,28,29,33,2879,1,1.59,2,2
951392,2018-12-15,2018-12-15,936,123659,30-34,F,28,31,32,2749,1,1.39,1,0
951400,2018-12-16,2018-12-16,936,123660,45-49,F,10,12,15,24028,9,12.39,2,0
951402,2018-12-17,2018-12-17,936,123661,30-34,F,29,32,31,1118,0,0,1,1
951413,2018-12-18,2018-12-18,936,123662,30-34,F,26,29,27,1083,0,0,2,1
951420,2018-12-19,2018-12-19,936,123664,30-34,F,27,33,32,843,0,0,1,0
951444,2018-12-20,2018-12-20,936,123668,30-34,F,25,28,26,2983,1,0.97,1,0
951448,2018-12-21,2018-12-21,936,123668,30-34,F,25,30,28,696,0,0,1,0
951462,2018-12-22,2018-12-22,936,123671,45-49,F,16,20,19,7589,2,3.15,1,1
951464,2018-12-23,2018-12-23,936,123671,45-49,F,16,17,21,20997,10,11.95,1,0
951465,2018-12-24,2018-12-24,936,123671,45-49,F,16,18,17,4617,1,1.36,1,0
951498,2018-12-25,2018-12-25,936,123677,45-49,F,20,22,21,259,0,0,1,0
951508,2018-12-26,2018-12-26,936,123678,30-34,F,18,21,22,1134,0,0,1,0
951542,2018-12-27,2018-12-27,936,123684,40-44,F,27,32,28,357,0,0,1,0
951607,2018-12-28,2018-12-28,936,123695,40-44,F,10,15,15,848,0,0,1,1
951608,2018-12-29,2018-12-29,936,123695,40-44,F,10,15,13,3149,1,1.48,1,0
951641,2018-12-30,2018-12-30,936,123700,40-44,F,2,4,7,87,0,0,1,1
951677,2018-12-31,2018-12-31,936,123706,35-39,F,27,28,31,2563,1,1.48,1,0
951692,2019-01-01,2019-01-01,936,123709,35-39,F,10,15,14,1107,0,0,1,0
951715,2019-01-02,2019-01-02,936,123713,45-49,F,64,65,65,10677,5,7.27,1,0
951756,2019-01-03,2019-01-03,936,123720,35-39,F,22,25,26,2189,1,0.41,1,0
951779,2019-01-04,2019-01-04,936,123723,45-49,F,27,32,29,3277,2,2.68,1,0
951782,2019-01-05,2019-01-05,936,123724,45-49,F,26,30,29,781,0,0,1,0
951810,2019-01-06,2019-01-06,936,123729,35-39,F,16,17,22,2226,0,0,1,0
951812,2019-01-07,2019-01-07,936,123729,35-39,F,16,18,18,16274,4,6.08,2,0
951837,2019-01-08,2019-01-08,936,123733,45-49,F,20,23,23,2077,1,1.51,1,1
951853,2019-01-09,2019-01-09,936,123736,30-34,F,20,23,25,529,0,0,0,0
951854,2019-01-10,2019-01-10,936,123736,30-34,F,20,26,25,487,0,0,1,0
951856,2019-01-11,2019-01-11,936,123736,30-34,F,20,23,21,4626,2,2.1,2,0
951941,2019-01-12,2019-01-12,936,123750,30-34,F,28,33,34,2764,1,1.56,1,1
952001,2019-01-13,2019-01-13,936,123760,45-49,F,10,12,13,5447,2,2.96,1,0
952031,2019-01-14,2019-01-14,936,123765,40-44,F,16,17,17,28169,8,12.37,1,1
952080,2019-01-15,2019-01-15,936,123774,40-44,F,27,30,30,415,0,0,1,0
952100,2019-01-16,2019-01-16,936,123777,35-39,F,29,31,30,810,0,0,1,1
1121091,2019-01-17,2019-01-17,1178,144531,30-34,M,10,11,15,1194718,141,254.05,28,14
1121092,2019-01-18,2019-01-18,1178,144531,30-34,M,10,12,11,637648,67,122.4,13,5
1121094,2019-01-19,2019-01-19,1178,144531,30-34,M,10,16,15,24362,0,0,1,1
1121095,2019-01-20,2019-01-20,1178,144531,30-34,M,10,16,12,459690,50,86.33,5,2
1121096,2019-01-21,2019-01-21,1178,144531,30-34,M,10,11,16,750060,86,161.91,11,2
1121097,2019-01-22,2019-01-22,1178,144532,30-34,M,15,18,18,30068,1,1.82,1,0
1121098,2019-01-23,2019-01-23,1178,144532,30-34,M,15,18,21,1267550,123,236.77,24,10
1121100,2019-01-24,2019-01-24,1178,144532,30-34,M,15,20,17,3052003,340,639.95,60,17
1121101,2019-01-25,2019-01-25,1178,144532,30-34,M,15,17,21,29945,1,1.59,2,1
1121102,2019-01-26,2019-01-26,1178,144532,30-34,M,15,18,20,357856,30,52.97,7,3
1121104,2019-01-27,2019-01-27,1178,144533,30-34,M,16,20,20,2080666,202,360.15,40,21
1121105,2019-01-28,2019-01-28,1178,144533,30-34,M,16,22,19,145999,9,16.52,5,2
1121107,2019-01-29,2019-01-29,1178,144533,30-34,M,16,17,19,32616,1,1.54,2,0
1121108,2019-01-30,2019-01-30,1178,144533,30-34,M,16,20,18,984521,95,163.9,26,14
1121110,2019-01-31,2019-01-31,1178,144534,30-34,M,18,20,22,880814,123,210.36,6,2
1121111,2019-02-01,2019-02-01,1178,144534,30-34,M,18,19,21,182452,20,35.73,4,1
1121113,2019-02-02,2019-02-02,1178,144534,30-34,M,18,24,24,894911,120,215.84,7,4
1121114,2019-02-03,2019-02-03,1178,144534,30-34,M,18,23,23,31349,2,3.8,1,0
1121115,2019-02-04,2019-02-04,1178,144535,30-34,M,19,21,21,410310,55,96.8,3,0
1121116,2019-02-05,2019-02-05,1178,144535,30-34,M,19,20,24,572450,89,157.33,7,4
1121117,2019-02-06,2019-02-06,1178,144535,30-34,M,19,24,25,98759,15,26.57,1,1
1121119,2019-02-07,2019-02-07,1178,144535,30-34,M,19,21,22,345371,54,93.09,7,3
1121121,2019-02-08,2019-02-08,1178,144536,30-34,M,20,22,25,323899,46,78.92,5,1
1121122,2019-02-09,2019-02-09,1178,144536,30-34,M,20,21,25,399199,58,103.15,3,0
1121123,2019-02-10,2019-02-10,1178,144536,30-34,M,20,24,22,171202,22,36.53,3,1
1121124,2019-02-11,2019-02-11,1178,144536,30-34,M,20,26,24,128386,15,28.85,2,1
1121125,2019-02-12,2019-02-12,1178,144536,30-34,M,20,26,24,1034284,152,257.71,20,9
1121126,2019-02-13,2019-02-13,1178,144536,30-34,M,20,21,24,45923,5,7.22,2,0
1121127,2019-02-14,2019-02-14,1178,144537,30-34,M,21,23,22,40873,4,7.9,2,1
1121128,2019-02-15,2019-02-15,1178,144537,30-34,M,21,26,22,286553,34,62.06,2,1
1121129,2019-02-16,2019-02-16,1178,144537,30-34,M,21,25,25,20618,1,2.1,2,1
1121131,2019-02-17,2019-02-17,1178,144537,30-34,M,21,27,25,83591,7,14.14,2,2
1121132,2019-02-18,2019-02-18,1178,144537,30-34,M,21,23,27,114923,12,23.73,4,2
1121133,2019-02-19,2019-02-19,1178,144538,30-34,M,22,25,23,25002,1,1.71,1,0
1121134,2019-02-20,2019-02-20,1178,144538,30-34,M,22,27,28,68905,5,9.44,1,0
1121136,2019-02-21,2019-02-21,1178,144538,30-34,M,22,26,26,169588,16,27.8,1,0
1121138,2019-02-22,2019-02-22,1178,144538,30-34,M,22,26,24,328991,35,67.65,5,2
1121141,2019-02-23,2019-02-23,1178,144539,30-34,M,23,29,27,23198,2,2.98,1,0
1121142,2019-02-24,2019-02-24,1178,144539,30-34,M,23,24,27,26890,2,3.24,1,0
1121143,2019-02-25,2019-02-25,1178,144539,30-34,M,23,28,27,221695,31,52.26,5,2
1121152,2019-02-26,2019-02-26,1178,144541,30-34,M,24,29,28,88443,7,13.04,1,1
1121153,2019-02-27,2019-02-27,1178,144541,30-34,M,24,27,30,187856,23,38.39,5,1
1121164,2019-02-28,2019-02-28,1178,144545,30-34,M,25,31,30,570699,80,138.77,9,2
1121167,2019-03-01,2019-03-01,1178,144545,30-34,M,25,29,31,1063508,145,260.38,23,7
1121168,2019-03-02,2019-03-02,1178,144545,30-34,M,25,27,28,50523,6,8.55,1,0
1121172,2019-03-03,2019-03-03,1178,144547,30-34,M,26,30,28,87935,9,15.63,1,0
1121173,2019-03-04,2019-03-04,1178,144547,30-34,M,26,31,32,278225,33,60.2,3,0
1121175,2019-03-05,2019-03-05,1178,144547,30-34,M,26,28,29,209461,20,34.19,1,0
1121177,2019-03-06,2019-03-06,1178,144547,30-34,M,26,28,29,26316,2,3.24,3,0
1121181,2019-03-07,2019-03-07,1178,144549,30-34,M,27,32,29,41030,3,5.14,2,1
1121182,2019-03-08,2019-03-08,1178,144549,30-34,M,27,28,33,876671,120,216.56,22,4
1121183,2019-03-09,2019-03-09,1178,144549,30-34,M,27,32,29,399392,53,93.07,5,0
1121184,2019-03-10,2019-03-10,1178,144549,30-34,M,27,31,29,283858,30,56.06,1,0
1121185,2019-03-11,2019-03-11,1178,144549,30-34,M,27,28,29,260699,31,54.1,5,2
1121193,2019-03-12,2019-03-12,1178,144552,30-34,M,28,34,29,57781,5,7.8,2,1
1121195,2019-03-13,2019-03-13,1178,144552,30-34,M,28,34,33,38757,3,5.22,1,0
1121196,2019-03-14,2019-03-14,1178,144552,30-34,M,28,29,29,1392288,206,358.55,31,7
1121197,2019-03-15,2019-03-15,1178,144552,30-34,M,28,30,32,1109387,159,280.99,13,2
1121202,2019-03-16,2019-03-16,1178,144554,30-34,M,29,32,34,581281,65,115.12,10,5
1121203,2019-03-17,2019-03-17,1178,144554,30-34,M,29,35,33,1048861,128,219.77,22,8
1121205,2019-03-18,2019-03-18,1178,144554,30-34,M,29,32,30,297452,30,52.02,4,1
1121206,2019-03-19,2019-03-19,1178,144554,30-34,M,29,34,31,227925,22,35.31,22,12
1121207,2019-03-20,2019-03-20,1178,144554,30-34,M,29,34,31,374175,38,63.32,8,3
1121211,2019-03-21,2019-03-21,1178,144556,30-34,M,30,32,31,223586,32,54.24,1,0
1121213,2019-03-22,2019-03-22,1178,144556,30-34,M,30,31,35,283170,39,65.23,2,1
1121215,2019-03-23,2019-03-23,1178,144556,30-34,M,30,31,34,41636,3,4.21,1,0
1121216,2019-03-24,2019-03-24,1178,144556,30-34,M,30,32,34,198658,30,48.61,8,1
1121220,2019-03-25,2019-03-25,1178,144558,30-34,M,31,37,35,100596,10,13.92,4,2
1121223,2019-03-26,2019-03-26,1178,144558,30-34,M,31,37,35,64020,5,11.06,1,0
1121224,2019-03-27,2019-03-27,1178,144558,30-34,M,31,32,33,14289,0,0,1,0
1121229,2019-03-28,2019-03-28,1178,144561,30-34,M,32,36,37,404866,43,87.42,4,0
1121231,2019-03-29,2019-03-29,1178,144561,30-34,M,32,36,35,22256,1,1.66,1,1
1121233,2019-03-30,2019-03-30,1178,144561,30-34,M,32,34,36,57690,4,6.74,1,0
1121241,2019-03-31,2019-03-31,1178,144562,30-34,M,36,40,37,24952,5,8.22,3,2
1121242,2019-04-01,2019-04-01,1178,144562,30-34,M,36,37,39,38900,3,5.58,1,0
1121243,2019-04-02,2019-04-02,1178,144562,30-34,M,36,42,42,53520,6,9.23,1,1
1121244,2019-04-03,2019-04-03,1178,144562,30-34,M,36,41,41,181683,20,34.23,2,1
1121245,2019-04-04,2019-04-04,1178,144562,30-34,M,36,37,40,29185,2,3.15,1,0
1121246,2019-04-05,2019-04-05,1178,144562,30-34,M,36,41,38,105047,13,20.21,3,1
1121250,2019-04-06,2019-04-06,1178,144565,30-34,M,63,67,64,287976,31,59.44,3,2
1121251,2019-04-07,2019-04-07,1178,144565,30-34,M,63,65,69,212175,22,38.59,2,1
1121252,2019-04-08,2019-04-08,1178,144565,30-34,M,63,69,67,11139,0,0,1,1
1121254,2019-04-09,2019-04-09,1178,144565,30-34,M,63,64,65,124005,11,21.85,4,1
1121255,2019-04-10,2019-04-10,1178,144565,30-34,M,63,64,67,20423,1,1.96,1,0
1121261,2019-04-11,2019-04-11,1178,144567,30-34,M,64,67,65,103001,14,22.32,1,0
1121262,2019-04-12,2019-04-12,1178,144567,30-34,M,64,66,67,447420,66,110.24,7,2
1121263,2019-04-13,2019-04-13,1178,144567,30-34,M,64,66,69,156101,19,29.75,2,2
1121264,2019-04-14,2019-04-14,1178,144567,30-34,M,64,70,67,93015,12,18.47,1,0
1121265,2019-04-15,2019-04-15,1178,144568,30-34,M,65,70,68,145398,23,36.24,1,0
1121269,2019-04-16,2019-04-16,1178,144568,30-34,M,65,67,67,296413,50,76.44,3,1
1121273,2019-04-17,2019-04-17,1178,144569,30-34,M,2,4,4,9370,0,0,1,1
1121274,2019-04-18,2019-04-18,1178,144569,30-34,M,2,4,7,63785,7,11.8,6,2
1121275,2019-04-19,2019-04-19,1178,144569,30-34,M,2,8,3,118522,14,26.82,2,1
1121276,2019-04-20,2019-04-20,1178,144569,30-34,M,2,5,5,240123,38,65.67,5,4
1121277,2019-04-21,2019-04-21,1178,144570,30-34,M,7,9,13,169108,20,32.24,2,1
1121278,2019-04-22,2019-04-22,1178,144570,30-34,M,7,13,10,1044442,142,245.6,22,8
1121279,2019-04-23,2019-04-23,1178,144570,30-34,M,7,10,13,93891,11,17.64,5,3
1121282,2019-04-24,2019-04-24,1178,144570,30-34,M,7,11,10,185823,25,38.55,4,1
1121284,2019-04-25,2019-04-25,1178,144571,30-34,M,66,68,70,175631,23,40.76,1,0
1121285,2019-04-26,2019-04-26,1178,144571,30-34,M,66,68,70,37187,4,6.37,1,0
1121286,2019-04-27,2019-04-27,1178,144571,30-34,M,66,67,69,10991,0,0,1,0
1121287,2019-04-28,2019-04-28,1178,144571,30-34,M,66,69,69,344618,51,89.76,3,1
1121289,2019-04-29,2019-04-29,1178,144572,35-39,M,10,14,13,98066,9,16.15,1,0
1121290,2019-04-30,2019-04-30,1178,144572,35-39,M,10,13,12,770749,100,189.13,13,3
1121291,2019-05-01,2019-05-01,1178,144572,35-39,M,10,16,14,52553,5,8.53,1,0
1121292,2019-05-02,2019-05-02,1178,144572,35-39,M,10,15,16,362296,39,67.77,7,3
1121293,2019-05-03,2019-05-03,1178,144572,35-39,M,10,16,13,427729,50,96.9,4,1
1121296,2019-05-04,2019-05-04,1178,144573,35-39,M,15,17,19,180351,21,37.13,1,1
1121297,2019-05-05,2019-05-05,1178,144573,35-39,M,15,16,16,187329,29,53.16,2,1
1121300,2019-05-06,2019-05-06,1178,144573,35-39,M,15,16,17,782894,118,192.93,5,2
1121302,2019-05-07,2019-05-07,1178,144574,35-39,M,16,17,22,1206533,128,236.12,17,6
1121303,2019-05-08,2019-05-08,1178,144574,35-39,M,16,19,21,84494,7,12.57,2,0
1121304,2019-05-09,2019-05-09,1178,144574,35-39,M,16,17,20,94257,7,12.58,1,1
1121309,2019-05-10,2019-05-10,1178,144575,35-39,M,18,24,20,131060,16,28.05,2,1
1121310,2019-05-11,2019-05-11,1178,144575,35-39,M,18,21,19,341603,50,83.48,4,2
1121311,2019-05-12,2019-05-12,1178,144575,35-39,M,18,20,24,140749,19,30.48,1,1
1121312,2019-05-13,2019-05-13,1178,144575,35-39,M,18,19,21,102525,13,20.3,2,1
1121316,2019-05-14,2019-05-14,1178,144576,35-39,M,19,23,23,447952,68,131.58,8,1
1121317,2019-05-15,2019-05-15,1178,144576,35-39,M,19,25,23,76355,9,14.63,2,0
1121319,2019-05-16,2019-05-16,1178,144577,35-39,M,20,26,26,256598,38,64.47,6,1
1121321,2019-05-17,2019-05-17,1178,144577,35-39,M,20,21,21,127476,21,30.15,3,2
1121322,2019-05-18,2019-05-18,1178,144577,35-39,M,20,22,24,237603,37,62.25,5,2
1121327,2019-05-19,2019-05-19,1178,144578,35-39,M,21,22,22,271091,42,78.04,3,1
1121330,2019-05-20,2019-05-20,1178,144578,35-39,M,21,23,22,21743,2,3.4,1,0
1121333,2019-05-21,2019-05-21,1178,144579,35-39,M,22,25,25,88970,10,14.83,2,0
1121334,2019-05-22,2019-05-22,1178,144579,35-39,M,22,24,26,108362,13,22.43,1,1
1121335,2019-05-23,2019-05-23,1178,144579,35-39,M,22,25,23,188596,27,44.14,3,0
1121336,2019-05-24,2019-05-24,1178,144579,35-39,M,22,24,24,275080,43,69.66,4,3
1121337,2019-05-25,2019-05-25,1178,144580,35-39,M,23,28,28,64647,10,16.27,1,0
1121338,2019-05-26,2019-05-26,1178,144580,35-39,M,23,27,24,31265,4,5.79,1,0
1121340,2019-05-27,2019-05-27,1178,144580,35-39,M,23,27,28,140147,24,42.08,2,0
1121341,2019-05-28,2019-05-28,1178,144580,35-39,M,23,26,27,223120,40,67.67,1,0
1121342,2019-05-29,2019-05-29,1178,144580,35-39,M,23,29,27,104869,18,34.07,1,0
1121344,2019-05-30,2019-05-30,1178,144581,35-39,M,24,27,27,165177,23,41.72,4,1
1121345,2019-05-31,2019-05-31,1178,144581,35-39,M,24,29,29,84194,11,19.57,1,0
1121347,2019-06-01,2019-06-01,1178,144581,35-39,M,24,25,28,220581,31,57.37,1,1
1121350,2019-06-02,2019-06-02,1178,144582,35-39,M,25,27,31,75804,10,17.37,2,1
1121352,2019-06-03,2019-06-03,1178,144582,35-39,M,25,30,29,368986,59,100.29,0,0
1121353,2019-06-04,2019-06-04,1178,144582,35-39,M,25,30,27,28194,3,3.71,2,0
1121355,2019-06-05,2019-06-05,1178,144583,35-39,M,26,29,27,99961,14,23.21,1,0
1121359,2019-06-06,2019-06-06,1178,144583,35-39,M,26,28,27,7573,0,0,1,0
1121361,2019-06-07,2019-06-07,1178,144584,35-39,M,27,28,33,685781,103,177.89,10,1
1121364,2019-06-08,2019-06-08,1178,144584,35-39,M,27,30,28,274222,43,66.77,2,1
1121365,2019-06-09,2019-06-09,1178,144584,35-39,M,27,33,31,110503,25,32.68,4,0
1121367,2019-06-10,2019-06-10,1178,144585,35-39,M,28,31,29,1447755,233,420.58,11,8
1121368,2019-06-11,2019-06-11,1178,144585,35-39,M,28,33,31,358987,52,87.55,1,0
1121369,2019-06-12,2019-06-12,1178,144585,35-39,M,28,33,31,826205,125,232.37,5,1
1121370,2019-06-13,2019-06-13,1178,144585,35-39,M,28,33,32,550954,84,150.14,3,0
1121372,2019-06-14,2019-06-14,1178,144585,35-39,M,28,34,34,378350,55,96.48,4,0
1121373,2019-06-15,2019-06-15,1178,144586,35-39,M,29,32,33,492784,56,95.51,7,4
1121374,2019-06-16,2019-06-16,1178,144586,35-39,M,29,34,35,327158,43,72.31,6,2
1121375,2019-06-17,2019-06-17,1178,144586,35-39,M,29,31,35,9921,0,0,1,0
1121377,2019-06-18,2019-06-18,1178,144586,35-39,M,29,34,30,59390,5,9.21,5,3
1121378,2019-06-19,2019-06-19,1178,144586,35-39,M,29,33,33,1040330,147,254.25,13,2
1121379,2019-06-20,2019-06-20,1178,144587,35-39,M,30,31,35,49422,6,11.17,1,0
1121380,2019-06-21,2019-06-21,1178,144587,35-39,M,30,35,32,131091,18,34.23,3,1
1121381,2019-06-22,2019-06-22,1178,144587,35-39,M,30,31,36,95691,15,25.26,1,1
1121390,2019-06-23,2019-06-23,1178,144588,35-39,M,31,32,36,15513,1,1.29,1,0
1121391,2019-06-24,2019-06-24,1178,144589,35-39,M,32,33,33,382537,63,113.99,4,3
1121394,2019-06-25,2019-06-25,1178,144589,35-39,M,32,37,33,461356,64,121.1,6,3
1121395,2019-06-26,2019-06-26,1178,144589,35-39,M,32,38,34,392541,53,98.7,3,2
1121398,2019-06-27,2019-06-27,1178,144590,35-39,M,36,39,38,35088,5,8.8,1,1
1121400,2019-06-28,2019-06-28,1178,144590,35-39,M,36,38,41,53933,6,9.93,3,1
1121403,2019-06-29,2019-06-29,1178,144591,35-39,M,63,65,68,228861,33,53.39,4,2
1121405,2019-06-30,2019-06-30,1178,144591,35-39,M,63,66,69,20959,2,3.77,1,1
1121410,2019-07-01,2019-07-01,1178,144592,35-39,M,64,68,70,24992,2,3.19,1,0
1121411,2019-07-02,2019-07-02,1178,144592,35-39,M,64,70,65,100351,15,24.18,2,1
1121412,2019-07-03,2019-07-03,1178,144592,35-39,M,64,68,70,292448,43,76.9,2,1
1121413,2019-07-04,2019-07-04,1178,144592,35-39,M,64,67,69,65060,7,14.52,1,1
1121414,2019-07-05,2019-07-05,1178,144592,35-39,M,64,70,66,133316,21,36.17,2,0
1121415,2019-07-06,2019-07-06,1178,144593,35-39,M,65,66,71,113501,26,38.44,5,4
1121418,2019-07-07,2019-07-07,1178,144593,35-39,M,65,71,70,192810,41,61.93,4,3
1121421,2019-07-08,2019-07-08,1178,144594,35-39,M,2,8,6,233404,43,70.41,2,1
1121422,2019-07-09,2019-07-09,1178,144594,35-39,M,2,7,7,128843,24,37.6,2,0
1121423,2019-07-10,2019-07-10,1178,144594,35-39,M,2,5,7,63564,12,20.59,2,0
1121425,2019-07-11,2019-07-11,1178,144594,35-39,M,2,8,7,85970,14,24.78,1,1
1121428,2019-07-12,2019-07-12,1178,144595,35-39,M,7,9,13,131232,16,29.54,1,1
1121429,2019-07-13,2019-07-13,1178,144595,35-39,M,7,13,9,152454,22,37.85,1,1
1121430,2019-07-14,2019-07-14,1178,144595,35-39,M,7,10,9,28989,2,2.29,1,0
1121433,2019-07-15,2019-07-15,1178,144596,35-39,M,66,69,72,80248,15,24.19,1,1
1121437,2019-07-16,2019-07-16,1178,144596,35-39,M,66,68,68,38580,5,8.52,1,0
1121439,2019-07-17,2019-07-17,1178,144597,40-44,M,10,11,15,621591,91,163.36,5,1
1121440,2019-07-18,2019-07-18,1178,144597,40-44,M,10,15,11,250499,36,58.14,3,1
1121442,2019-07-19,2019-07-19,1178,144597,40-44,M,10,15,14,131637,18,29.31,2,1
1121443,2019-07-20,2019-07-20,1178,144597,40-44,M,10,12,15,463813,69,116.34,4,2
1121444,2019-07-21,2019-07-21,1178,144597,40-44,M,10,13,12,211767,35,60.9,5,1
1121446,2019-07-22,2019-07-22,1178,144598,40-44,M,15,17,17,163181,26,40.02,1,1
1121451,2019-07-23,2019-07-23,1178,144599,40-44,M,16,20,18,1117385,147,260.07,11,2
1121452,2019-07-24,2019-07-24,1178,144599,40-44,M,16,21,22,1663441,205,359.47,17,6
1121453,2019-07-25,2019-07-25,1178,144599,40-44,M,16,18,17,455248,54,105.71,5,2
1121454,2019-07-26,2019-07-26,1178,144599,40-44,M,16,22,20,75589,6,10.66,1,1
1121455,2019-07-27,2019-07-27,1178,144599,40-44,M,16,21,22,594267,82,143.3,3,2
1121456,2019-07-28,2019-07-28,1178,144599,40-44,M,16,22,22,315281,35,65.03,1,0
1121464,2019-07-29,2019-07-29,1178,144601,40-44,M,19,23,25,363456,71,117.56,7,1
1121466,2019-07-30,2019-07-30,1178,144601,40-44,M,19,23,25,438983,81,143.43,3,1
1121467,2019-07-31,2019-07-31,1178,144601,40-44,M,19,20,24,42563,5,9.66,1,1
1121469,2019-08-01,2019-08-01,1178,144602,40-44,M,20,26,21,399035,75,124.8,7,3
1121471,2019-08-02,2019-08-02,1178,144602,40-44,M,20,21,26,304680,59,98.55,3,0
1121472,2019-08-03,2019-08-03,1178,144602,40-44,M,20,21,25,140596,23,40.77,1,0
1121473,2019-08-04,2019-08-04,1178,144602,40-44,M,20,25,22,439986,80,134.88,4,3
1121474,2019-08-05,2019-08-05,1178,144602,40-44,M,20,26,26,75803,11,19.36,2,2
1121477,2019-08-06,2019-08-06,1178,144603,40-44,M,21,27,22,7073,0,0,1,0
1121481,2019-08-07,2019-08-07,1178,144604,40-44,M,22,27,25,153586,28,43.01,2,0
1121482,2019-08-08,2019-08-08,1178,144604,40-44,M,22,24,24,180815,31,42.63,1,0
1121483,2019-08-09,2019-08-09,1178,144604,40-44,M,22,26,23,253169,51,75.79,1,0
1121484,2019-08-10,2019-08-10,1178,144604,40-44,M,22,28,27,34453,5,7.71,1,1
1121487,2019-08-11,2019-08-11,1178,144605,40-44,M,23,25,26,51550,8,14.04,1,0
1121489,2019-08-12,2019-08-12,1178,144605,40-44,M,23,28,24,110018,24,39.86,1,0
1121493,2019-08-13,2019-08-13,1178,144606,40-44,M,24,28,30,137584,21,36.78,1,0
1121497,2019-08-14,2019-08-14,1178,144606,40-44,M,24,25,27,209825,30,54.87,1,0
1121499,2019-08-15,2019-08-15,1178,144607,40-44,M,25,27,31,264222,63,87.79,1,1
1121510,2019-08-16,2019-08-16,1178,144608,40-44,M,26,30,31,31202,5,6.73,1,0
1121511,2019-08-17,2019-08-17,1178,144609,40-44,M,27,29,32,252991,49,76.84,3,0
1121514,2019-08-18,2019-08-18,1178,144609,40-44,M,27,31,30,56265,9,15.54,1,0
1121523,2019-08-19,2019-08-19,1178,144611,40-44,M,29,32,34,76923,11,17.67,2,2
1121524,2019-08-20,2019-08-20,1178,144611,40-44,M,29,30,35,209332,30,49.6,3,1
1121525,2019-08-21,2019-08-21,1178,144611,40-44,M,29,32,33,214094,31,53.27,1,0
1121526,2019-08-22,2019-08-22,1178,144611,40-44,M,29,35,32,526209,85,126.93,3,2
1121527,2019-08-23,2019-08-23,1178,144611,40-44,M,29,35,35,741143,120,179.62,4,1
1121528,2019-08-24,2019-08-24,1178,144611,40-44,M,29,33,31,172827,25,38.42,2,0
1121530,2019-08-25,2019-08-25,1178,144612,40-44,M,30,36,33,188873,38,58.6,1,1
1121532,2019-08-26,2019-08-26,1178,144612,40-44,M,30,35,32,123126,25,39.73,2,1
1121535,2019-08-27,2019-08-27,1178,144613,40-44,M,31,33,32,77794,14,19.11,1,1
1121541,2019-08-28,2019-08-28,1178,144614,40-44,M,32,33,37,56630,9,15.81,1,1
1121544,2019-08-29,2019-08-29,1178,144614,40-44,M,32,33,36,400844,85,140.97,4,2
1121545,2019-08-30,2019-08-30,1178,144614,40-44,M,32,33,35,208572,36,60.76,2,1
1121548,2019-08-31,2019-08-31,1178,144615,40-44,M,36,38,37,59004,8,13.51,1,0
1121551,2019-09-01,2019-09-01,1178,144615,40-44,M,36,40,39,196253,32,55.1,1,0
1121554,2019-09-02,2019-09-02,1178,144616,40-44,M,63,64,66,51858,8,12.63,1,1
1121557,2019-09-03,2019-09-03,1178,144616,40-44,M,63,68,64,280764,49,81.36,2,1
1121561,2019-09-04,2019-09-04,1178,144617,40-44,M,64,69,70,63660,11,16.47,1,1
1121562,2019-09-05,2019-09-05,1178,144617,40-44,M,64,65,67,109289,19,31.03,1,0
1121568,2019-09-06,2019-09-06,1178,144618,40-44,M,65,70,70,188440,40,60.73,2,1
1121571,2019-09-07,2019-09-07,1178,144619,40-44,M,2,3,5,212496,44,74.83,2,1
1121572,2019-09-08,2019-09-08,1178,144619,40-44,M,2,6,3,32574,5,7.48,1,0
1121575,2019-09-09,2019-09-09,1178,144619,40-44,M,2,4,5,128595,23,36.48,1,1
1121577,2019-09-10,2019-09-10,1178,144620,40-44,M,7,9,11,242234,48,68.06,2,0
1121584,2019-09-11,2019-09-11,1178,144621,40-44,M,66,67,67,33154,5,7.88,1,1
1121585,2019-09-12,2019-09-12,1178,144621,40-44,M,66,72,68,9773,1,1.46,1,0
1121589,2019-09-13,2019-09-13,1178,144622,45-49,M,10,16,11,464036,77,123.55,3,1
1121590,2019-09-14,2019-09-14,1178,144622,45-49,M,10,16,15,478480,75,135.75,3,1
1121592,2019-09-15,2019-09-15,1178,144622,45-49,M,10,14,11,428812,66,116.88,4,2
1121593,2019-09-16,2019-09-16,1178,144622,45-49,M,10,16,16,1177535,221,365.66,15,3
1121594,2019-09-17,2019-09-17,Null,144623,45-49,M,10,14,14,426500,72,128.28,4,1
1121597,2019-09-18,2019-09-18,Null,144623,45-49,M,15,21,19,54237,7,10.78,2,1
1121598,2019-09-19,2019-09-19,Null,144624,45-49,M,15,19,18,506916,89,133.7,2,2
1121599,2019-09-20,2019-09-20,Null,144624,45-49,M,15,17,18,250960,42,64.88,2,0
1121601,2019-09-21,2019-09-21,Null,144624,45-49,M,16,20,18,2286228,353,603.38,16,7
1121602,2019-09-22,2019-09-22,Null,144625,45-49,M,16,21,20,915451,125,220.56,6,1
1121603,2019-09-23,2019-09-23,Null,144625,45-49,M,16,21,17,159478,20,33.9,3,1
1121605,2019-09-24,2019-09-24,Null,144626,45-49,M,16,20,17,1228924,190,318.97,6,3
1121606,2019-09-25,2019-09-25,Null,144626,45-49,M,16,22,17,938283,134,248.64,7,2
1121607,2019-09-26,2019-09-26,Null,144626,45-49,M,18,24,23,154572,26,40.93,1,1
1121609,2019-09-27,2019-09-27,Null,144627,45-49,M,18,19,19,378171,70,109.25,1,0
1121612,2019-09-28,2019-09-28,Null,144627,45-49,M,18,19,22,468749,84,134.12,6,1
1121613,2019-09-29,2019-09-29,Null,144628,45-49,M,19,25,25,309823,60,103.39,4,4
1121615,2019-09-30,2019-09-30,Null,144628,45-49,M,19,21,25,327227,65,116.56,5,0
1121616,2019-10-01,2019-10-01,Null,144628,45-49,M,19,23,24,334945,72,120.3,2,1
1121617,2019-10-02,2019-10-02,Null,144629,45-49,M,19,23,22,68859,15,25.46,1,0
1121619,2019-10-03,2019-10-03,Null,144629,45-49,M,20,22,26,127125,20,35.68,2,0
1121620,2019-10-04,2019-10-04,Null,144630,45-49,M,20,21,24,415798,80,131.78,3,1
1121622,2019-10-05,2019-10-05,Null,144630,45-49,M,20,22,23,107671,20,29.91,1,1
1121623,2019-10-06,2019-10-06,Null,144630,45-49,M,20,24,22,164356,28,46.79,2,1
1121624,2019-10-07,2019-10-07,Null,144631,45-49,M,20,26,25,17662,2,3.19,1,0
1121627,2019-10-08,2019-10-08,Null,144631,45-49,M,21,27,27,65339,10,16.68,2,0
1121628,2019-10-09,2019-10-09,Null,144632,45-49,M,21,25,22,59838,7,11.11,1,0
1121629,2019-10-10,2019-10-10,Null,144632,45-49,M,21,24,23,381577,81,127.57,2,0
1121635,2019-10-11,2019-10-11,Null,144632,45-49,M,22,24,27,45491,8,11.01,1,0
1121638,2019-10-12,2019-10-12,Null,144633,45-49,M,23,28,29,18946,2,3.6,1,0
1121641,2019-10-13,2019-10-13,Null,144633,45-49,M,23,29,29,114370,18,33.66,1,0
1121642,2019-10-14,2019-10-14,Null,144634,45-49,M,23,26,29,99698,21,33.35,1,0
1121644,2019-10-15,2019-10-15,Null,144634,45-49,M,24,26,25,355165,81,128.61,4,3
1121650,2019-10-16,2019-10-16,Null,144634,45-49,M,25,26,29,101431,23,33.93,1,1
1121652,2019-10-17,2019-10-17,Null,144635,45-49,M,25,30,29,123151,24,36.44,2,1
1121660,2019-10-18,2019-10-18,Null,144635,45-49,M,26,30,29,24078,4,5.77,1,0
1121661,2019-10-19,2019-10-19,Null,144636,45-49,M,27,33,30,517801,105,181.72,3,0
1121662,2019-10-20,2019-10-20,Null,144636,45-49,M,27,28,32,145104,25,41.42,2,1
1121664,2019-10-21,2019-10-21,Null,144636,45-49,M,27,31,28,179950,35,58.68,1,0
1121665,2019-10-22,2019-10-22,Null,144637,45-49,M,27,31,31,258531,46,80.34,2,0
1121666,2019-10-23,2019-10-23,Null,144637,45-49,M,27,31,29,272500,62,104.46,3,0
1121667,2019-10-24,2019-10-24,Null,144638,45-49,M,28,31,32,273197,57,87.73,3,0
1121668,2019-10-25,2019-10-25,Null,144638,45-49,M,28,30,34,775904,172,253.99,4,2
1121669,2019-10-26,2019-10-26,Null,144638,45-49,M,28,33,33,120251,26,39.44,1,0
1121671,2019-10-27,2019-10-27,Null,144639,45-49,M,28,29,32,139406,24,39.05,1,0
1121672,2019-10-28,2019-10-28,Null,144639,45-49,M,28,32,31,60314,11,16.94,2,1
1121673,2019-10-29,2019-10-29,Null,144640,45-49,M,29,34,30,563074,86,142.71,4,2
1121674,2019-10-30,2019-10-30,Null,144640,45-49,M,29,30,30,168655,18,27.3,2,0
1121675,2019-10-31,2019-10-31,Null,144640,45-49,M,29,34,31,111963,17,29.38,2,1
1121676,2019-11-01,2019-11-01,Null,144641,45-49,M,29,32,30,1026304,168,277.58,17,8
1121677,2019-11-02,2019-11-02,Null,144641,45-49,M,29,35,34,1391924,258,422.84,17,10
1121678,2019-11-03,2019-11-03,Null,144642,45-49,M,29,33,33,147551,22,38.5,1,0
1121685,2019-11-04,2019-11-04,Null,144642,45-49,M,31,36,36,66794,9,17.33,1,1
1121687,2019-11-05,2019-11-05,Null,144642,45-49,M,31,37,36,118882,19,32.31,2,1
1121689,2019-11-06,2019-11-06,Null,144643,45-49,M,31,37,35,148010,24,41.97,1,0
1121691,2019-11-07,2019-11-07,Null,144643,45-49,M,32,34,33,932890,197,352.45,3,1
1121692,2019-11-08,2019-11-08,Null,144644,45-49,M,32,34,37,718359,147,264.59,4,1
1121693,2019-11-09,2019-11-09,Null,144644,45-49,M,32,35,35,433658,82,158.6,5,2
1121695,2019-11-10,2019-11-10,Null,144644,45-49,M,32,34,38,29455,3,4.77,1,0
1121701,2019-11-11,2019-11-11,Null,144645,45-49,M,36,38,38,23973,3,4.82,1,1
1121705,2019-11-12,2019-11-12,Null,144645,45-49,M,63,68,67,126480,25,37.26,1,1
1121706,2019-11-13,2019-11-13,Null,144646,45-49,M,63,64,67,138959,28,39.52,1,0
1121708,2019-11-14,2019-11-14,Null,144646,45-49,M,63,65,68,68829,12,19.48,1,0
1121711,2019-11-15,2019-11-15,Null,144646,45-49,M,64,69,65,49916,10,16.38,1,1
1121716,2019-11-16,2019-11-16,Null,144647,45-49,M,65,67,67,76014,16,22.67,1,1
1121723,2019-11-17,2019-11-17,Null,144647,45-49,M,2,5,4,50947,10,15.99,1,0
1121733,2019-11-18,2019-11-18,Null,144648,45-49,M,66,71,70,55536,11,17.05,1,0
1121741,2019-11-19,2019-11-19,Null,144648,30-34,F,10,13,14,318042,46,64.41,8,4
1121742,2019-11-20,2019-11-20,Null,144648,30-34,F,10,14,11,213016,30,44.22,8,2
1121745,2019-11-21,2019-11-21,Null,144649,30-34,F,15,19,16,182265,27,38.18,2,1
1121746,2019-11-22,2019-11-22,Null,144649,30-34,F,15,17,18,1117371,177,268.05,26,5
1121749,2019-11-23,2019-11-23,Null,144650,30-34,F,15,17,17,333345,52,77.59,5,1
1121751,2019-11-24,2019-11-24,Null,144650,30-34,F,16,17,21,275930,30,46.78,5,2
1121753,2019-11-25,2019-11-25,Null,144650,30-34,F,16,20,19,740631,101,153.12,9,1
1121754,2019-11-26,2019-11-26,Null,144651,30-34,F,16,17,17,328272,35,55.99,2,1
1121755,2019-11-27,2019-11-27,Null,144651,30-34,F,16,20,21,178455,20,31.54,6,3
1121756,2019-11-28,2019-11-28,Null,144652,30-34,F,16,18,19,705712,98,147.34,6,1
1121758,2019-11-29,2019-11-29,Null,144652,30-34,F,18,19,20,690373,91,159.57,5,2
1121759,2019-11-30,2019-11-30,Null,144652,30-34,F,18,21,19,515812,69,117.63,3,1
1121760,2019-12-01,2019-12-01,Null,144653,30-34,F,18,21,21,764793,101,171.98,4,2
1121763,2019-12-02,2019-12-02,Null,144653,30-34,F,19,22,23,87832,11,18.1,1,1
1121764,2019-12-03,2019-12-03,Null,144654,30-34,F,19,22,23,23368,3,4.3,1,0
1121765,2019-12-04,2019-12-04,Null,144654,30-34,F,19,24,23,51509,7,11.57,1,0
1121767,2019-12-05,2019-12-05,Null,144654,30-34,F,19,20,23,87043,16,24.48,2,0
1121768,2019-12-06,2019-12-06,Null,144655,30-34,F,19,20,25,565565,113,169.67,7,4
1121769,2019-12-07,2019-12-07,Null,144655,30-34,F,20,26,26,253758,43,62.14,4,1
1121773,2019-12-08,2019-12-08,Null,144656,30-34,F,20,22,21,319131,51,76.68,6,1
1121774,2019-12-09,2019-12-09,Null,144656,30-34,F,20,22,21,670608,130,195.15,11,3
1121775,2019-12-10,2019-12-10,Null,144656,30-34,F,21,24,25,159123,25,38.36,5,3
1121776,2019-12-11,2019-12-11,Null,144657,30-34,F,21,23,22,103709,15,24.57,3,1
1121779,2019-12-12,2019-12-12,Null,144657,30-34,F,21,27,23,271589,45,74.41,9,3
1121780,2019-12-13,2019-12-13,Null,144658,30-34,F,21,25,22,119772,20,33.47,5,2
1121782,2019-12-14,2019-12-14,Null,144658,30-34,F,22,23,23,26340,3,4.22,1,1
1121783,2019-12-15,2019-12-15,Null,144658,30-34,F,22,27,28,594968,111,147.67,4,0
1121791,2019-12-16,2019-12-16,Null,144659,30-34,F,23,25,24,6838,0,0,1,0
1121793,2019-12-17,2019-12-17,Null,144659,30-34,F,24,30,25,185665,39,62.14,1,0
1121795,2019-12-18,2019-12-18,Null,144660,30-34,F,24,29,25,24959,3,4.56,1,1
1121796,2019-12-19,2019-12-19,Null,144660,30-34,F,24,28,27,136967,23,35.06,3,1
1121798,2019-12-20,2019-12-20,Null,144660,30-34,F,24,26,26,107548,19,29.31,1,0
1121803,2019-12-21,2019-12-21,Null,144661,30-34,F,25,31,28,588617,119,169.92,2,0
1121806,2019-12-22,2019-12-22,Null,144661,30-34,F,26,31,30,190560,26,41.63,3,1
1121807,2019-12-23,2019-12-23,Null,144662,30-34,F,26,30,32,373110,49,75.7,4,2
1121812,2019-12-24,2019-12-24,Null,144662,30-34,F,27,33,29,935646,170,256.47,19,6
1121814,2019-12-25,2019-12-25,Null,144662,30-34,F,27,28,31,2223278,421,612.3,38,13
1121815,2019-12-26,2019-12-26,Null,144663,30-34,F,27,33,28,240497,36,51.84,1,0
1121816,2019-12-27,2019-12-27,Null,144663,30-34,F,27,30,30,259984,37,54.79,5,0
1121817,2019-12-28,2019-12-28,Null,144664,30-34,F,28,31,29,606786,127,179.05,11,3
1121818,2019-12-29,2019-12-29,Null,144664,30-34,F,28,31,34,83270,13,17.74,1,0
1121819,2019-12-30,2019-12-30,Null,144664,30-34,F,28,34,29,1189509,268,375.72,7,3
1121820,2019-12-31,2019-12-31,Null,144665,30-34,F,28,29,32,11471,1,1.57,0,0
1121824,2020-01-01,2020-01-01,Null,144665,30-34,F,29,35,34,1705246,295,429.48,23,10
1121826,2020-01-02,2020-01-02,Null,144666,30-34,F,29,31,30,418016,63,95.85,3,1
1121827,2020-01-03,2020-01-03,Null,144666,30-34,F,29,31,30,30155,3,3.82,1,0
1121828,2020-01-04,2020-01-04,Null,144666,30-34,F,29,33,33,990404,153,226.54,12,6
1121829,2020-01-05,2020-01-05,Null,144667,30-34,F,30,35,35,187468,34,50.72,2,1
1121832,2020-01-06,2020-01-06,Null,144667,30-34,F,30,36,36,208301,33,54.57,1,0
1121833,2020-01-07,2020-01-07,Null,144668,30-34,F,30,36,36,101856,16,25.22,4,1
1121835,2020-01-08,2020-01-08,Null,144668,30-34,F,31,35,36,48935,7,9.97,1,1
1121839,2020-01-09,2020-01-09,Null,144668,30-34,F,31,33,34,13911,1,1.73,1,1
1121841,2020-01-10,2020-01-10,Null,144669,30-34,F,32,38,34,511726,77,123.09,8,4
1121843,2020-01-11,2020-01-11,Null,144669,30-34,F,32,38,37,177452,24,37.83,2,0
1121844,2020-01-12,2020-01-12,Null,144670,30-34,F,32,38,36,149808,20,33.04,1,1
1121845,2020-01-13,2020-01-13,Null,144670,30-34,F,32,34,38,390339,60,105.02,9,6
1121846,2020-01-14,2020-01-14,Null,144670,30-34,F,32,37,34,8350,0,0,1,0
1121847,2020-01-15,2020-01-15,Null,144671,30-34,F,36,38,37,39339,4,5.93,1,0
1121854,2020-01-16,2020-01-16,Null,144671,30-34,F,63,65,64,8587,0,0,1,0
1121855,2020-01-17,2020-01-17,Null,144672,30-34,F,63,67,65,24893,2,3.75,1,0
1121856,2020-01-18,2020-01-18,Null,144672,30-34,F,63,64,64,1296189,212,343.26,14,4
1121857,2020-01-19,2020-01-19,Null,144672,30-34,F,63,65,65,91607,12,19.19,2,1
1121859,2020-01-20,2020-01-20,Null,144673,30-34,F,64,67,67,238036,38,61.03,6,3
1121860,2020-01-21,2020-01-21,Null,144673,30-34,F,64,67,68,254344,35,56.17,2,1
1121861,2020-01-22,2020-01-22,Null,144674,30-34,F,64,66,69,157705,23,39.23,2,0
1121862,2020-01-23,2020-01-23,Null,144674,30-34,F,64,67,69,411571,60,99.18,6,1
1121863,2020-01-24,2020-01-24,Null,144674,30-34,F,64,69,70,94136,11,16.18,1,0
1121867,2020-01-25,2020-01-25,Null,144675,30-34,F,65,69,71,82640,16,23.97,1,1
1121869,2020-01-26,2020-01-26,Null,144675,30-34,F,65,69,68,17870,2,2.62,1,1
1121871,2020-01-27,2020-01-27,Null,144676,30-34,F,2,8,7,19178,2,2.78,1,1
1121873,2020-01-28,2020-01-28,Null,144676,30-34,F,2,6,7,5264,0,0,1,0
1121874,2020-01-29,2020-01-29,Null,144676,30-34,F,2,8,4,145548,28,42.37,2,1
1121876,2020-01-30,2020-01-30,Null,144677,30-34,F,2,6,8,82455,15,22.05,1,0
1121877,2020-01-31,2020-01-31,Null,144677,30-34,F,7,10,9,44189,7,10.32,2,0
1121878,2020-02-01,2020-02-01,Null,144678,30-34,F,7,8,8,45199,7,9.81,1,0
1121881,2020-02-02,2020-02-02,Null,144678,30-34,F,7,8,13,221843,43,63.45,5,0
1121888,2020-02-03,2020-02-03,Null,144678,30-34,F,66,72,69,41672,6,10.55,2,1
1121889,2020-02-04,2020-02-04,Null,144679,35-39,F,10,15,13,127546,25,38.94,2,0
1121890,2020-02-05,2020-02-05,Null,144679,35-39,F,10,16,15,127865,28,38.03,3,1
1121891,2020-02-06,2020-02-06,Null,144680,35-39,F,10,15,13,1025327,229,314.3,16,2
1121894,2020-02-07,2020-02-07,Null,144680,35-39,F,10,14,14,561415,124,173.76,3,0
1121895,2020-02-08,2020-02-08,Null,144680,35-39,F,15,21,21,132803,25,37.32,2,1
1121897,2020-02-09,2020-02-09,Null,144681,35-39,F,15,18,17,24664,2,2.63,1,1
1121901,2020-02-10,2020-02-10,Null,144681,35-39,F,16,17,21,1020561,172,263.81,7,3
1121902,2020-02-11,2020-02-11,Null,144682,35-39,F,16,17,22,682143,114,177.11,6,2
1121903,2020-02-12,2020-02-12,Null,144682,35-39,F,16,18,18,1247717,222,343.42,11,4
1121904,2020-02-13,2020-02-13,Null,144682,35-39,F,16,21,18,146406,23,33.23,1,1
1121905,2020-02-14,2020-02-14,Null,144683,35-39,F,16,17,21,905699,161,234.66,4,1
1121906,2020-02-15,2020-02-15,Null,144683,35-39,F,16,21,17,1184580,194,297.83,14,3
1121907,2020-02-16,2020-02-16,Null,144684,35-39,F,18,22,19,98057,20,31.01,1,1
1121917,2020-02-17,2020-02-17,Null,144684,35-39,F,19,22,24,238735,56,84.66,4,1
1121918,2020-02-18,2020-02-18,Null,144684,35-39,F,19,23,25,320657,77,115.88,2,0
1121925,2020-02-19,2020-02-19,Null,144685,35-39,F,21,27,23,244074,57,84.51,4,2
1121928,2020-02-20,2020-02-20,Null,144685,35-39,F,21,27,24,39146,8,13.06,1,0
1121931,2020-02-21,2020-02-21,Null,144686,35-39,F,22,26,23,78468,15,23.65,1,0
1121933,2020-02-22,2020-02-22,Null,144686,35-39,F,22,24,26,325653,63,89.35,2,0
1121935,2020-02-23,2020-02-23,Null,144686,35-39,F,22,25,23,66277,12,17.3,1,0
1121936,2020-02-24,2020-02-24,Null,144687,35-39,F,22,26,25,93002,16,23.34,1,0
1121944,2020-02-25,2020-02-25,Null,144687,35-39,F,24,25,29,109723,27,40.96,1,0
1121948,2020-02-26,2020-02-26,Null,144688,35-39,F,24,27,28,118941,35,50.11,4,1
1121949,2020-02-27,2020-02-27,Null,144688,35-39,F,25,27,27,221576,47,66.79,6,1
1121953,2020-02-28,2020-02-28,Null,144688,35-39,F,25,29,27,8341,1,1.64,1,0
1121954,2020-02-29,2020-02-29,Null,144689,35-39,F,25,30,27,120335,26,36.23,2,0
1121955,2020-03-01,2020-03-01,Null,144689,35-39,F,26,28,31,182098,40,62.87,1,1
1121956,2020-03-02,2020-03-02,Null,144690,35-39,F,26,31,28,227473,52,71.58,1,1
1121962,2020-03-03,2020-03-03,Null,144690,35-39,F,27,30,32,1050947,230,350.51,6,1
1121963,2020-03-04,2020-03-04,Null,144690,35-39,F,27,32,28,720859,162,213.69,13,5
1121971,2020-03-05,2020-03-05,Null,144691,35-39,F,28,31,32,41111,8,10.96,1,0
1121973,2020-03-06,2020-03-06,Null,144691,35-39,F,29,31,34,148616,25,37.4,6,4
1121976,2020-03-07,2020-03-07,Null,144692,35-39,F,29,34,34,707260,135,210.82,13,6
1121977,2020-03-08,2020-03-08,Null,144692,35-39,F,29,32,32,139596,26,42.41,1,1
1121983,2020-03-09,2020-03-09,Null,144692,35-39,F,30,34,31,105399,22,33.2,2,0
1121994,2020-03-10,2020-03-10,Null,144693,35-39,F,32,33,34,222378,50,72.91,1,0
1122003,2020-03-11,2020-03-11,Null,144693,35-39,F,63,69,68,975792,210,293.88,10,4
1122004,2020-03-12,2020-03-12,Null,144694,35-39,F,63,65,67,579150,125,167.05,5,1
1122005,2020-03-13,2020-03-13,Null,144694,35-39,F,63,65,69,449588,81,123.8,5,2
1122006,2020-03-14,2020-03-14,Null,144694,35-39,F,63,68,65,318157,56,85.7,3,0
1122007,2020-03-15,2020-03-15,Null,144695,35-39,F,63,65,64,196967,43,65.18,2,1
1122011,2020-03-16,2020-03-16,Null,144695,35-39,F,64,70,67,158298,37,46.43,4,1
1122012,2020-03-17,2020-03-17,Null,144696,35-39,F,64,67,69,222739,55,68.56,5,2
1122022,2020-03-18,2020-03-18,Null,144696,35-39,F,2,4,3,20780,5,8.19,1,0
1122027,2020-03-19,2020-03-19,Null,144696,35-39,F,7,9,8,128616,33,48.55,2,0
1122039,2020-03-20,2020-03-20,Null,144697,40-44,F,10,12,15,258954,61,82.28,1,0
1122040,2020-03-21,2020-03-21,Null,144697,40-44,F,10,15,11,205289,48,71.53,3,0
1122041,2020-03-22,2020-03-22,Null,144698,40-44,F,10,13,12,611601,138,191.42,8,3
1122043,2020-03-23,2020-03-23,Null,144698,40-44,F,10,13,14,947657,233,321.87,8,4
1122044,2020-03-24,2020-03-24,Null,144698,40-44,F,10,16,14,233043,49,65.03,2,0
1122047,2020-03-25,2020-03-25,Null,144699,40-44,F,15,18,21,582725,142,194.81,9,2
1122052,2020-03-26,2020-03-26,Null,144699,40-44,F,16,20,19,265038,51,78.46,2,1
1122054,2020-03-27,2020-03-27,Null,144700,40-44,F,16,20,18,222273,39,53.63,6,1
1122055,2020-03-28,2020-03-28,Null,144700,40-44,F,16,22,19,797234,170,243.77,4,1
1122056,2020-03-29,2020-03-29,Null,144700,40-44,F,16,19,21,925555,182,262.89,4,2
1122058,2020-03-30,2020-03-30,Null,144701,40-44,F,18,19,24,22210,3,4.05,1,1
1122075,2020-03-31,2020-03-31,Null,144701,40-44,F,21,25,23,46391,11,16.41,3,1
1122078,2020-04-01,2020-04-01,Null,144702,40-44,F,21,27,25,190477,42,66.39,1,0
1122079,2020-04-02,2020-04-02,Null,144702,40-44,F,21,24,27,25382,7,9.61,1,0
1122085,2020-04-03,2020-04-03,Null,144702,40-44,F,22,26,25,65726,17,22.12,2,0
1122089,2020-04-04,2020-04-04,Null,144703,40-44,F,23,25,29,195220,51,78.06,1,0
1122092,2020-04-05,2020-04-05,Null,144703,40-44,F,23,25,26,107501,27,40.88,2,2
1122101,2020-04-06,2020-04-06,Null,144704,40-44,F,25,26,30,197772,63,88.21,7,2
1122102,2020-04-07,2020-04-07,Null,144704,40-44,F,25,30,29,138154,35,48.94,1,0
1122103,2020-04-08,2020-04-08,Null,144704,40-44,F,25,26,30,270124,69,95.85,2,0
1122105,2020-04-09,2020-04-09,Null,144705,40-44,F,26,28,27,303971,77,106.93,11,6
1122107,2020-04-10,2020-04-10,Null,144705,40-44,F,26,30,29,682046,183,254.42,4,2
1122109,2020-04-11,2020-04-11,Null,144706,40-44,F,26,27,28,328365,83,117.34,2,1
1122112,2020-04-12,2020-04-12,Null,144706,40-44,F,27,31,33,1083259,276,390.26,11,0
1122113,2020-04-13,2020-04-13,Null,144706,40-44,F,27,33,28,913929,245,340.41,7,2
1122118,2020-04-14,2020-04-14,Null,144707,40-44,F,28,31,33,101586,24,33.47,2,1
1122120,2020-04-15,2020-04-15,Null,144707,40-44,F,28,30,32,181053,46,66.28,3,1
1122121,2020-04-16,2020-04-16,Null,144708,40-44,F,28,30,34,133419,35,48.18,2,1
1122125,2020-04-17,2020-04-17,Null,144708,40-44,F,29,34,32,489573,113,156.12,3,2
1122127,2020-04-18,2020-04-18,Null,144708,40-44,F,29,32,31,822023,194,288.33,6,0
1122131,2020-04-19,2020-04-19,Null,144709,40-44,F,30,32,35,93176,29,40.37,1,1
1122138,2020-04-20,2020-04-20,Null,144709,40-44,F,31,32,37,47229,13,19.28,1,0
1122139,2020-04-21,2020-04-21,Null,144710,40-44,F,31,36,32,92263,24,34.03,1,0
1122140,2020-04-22,2020-04-22,Null,144710,40-44,F,31,35,35,81551,21,29.67,1,0
1122145,2020-04-23,2020-04-23,Null,144710,40-44,F,32,35,34,141037,32,47.79,3,0
1122146,2020-04-24,2020-04-24,Null,144711,40-44,F,32,38,37,319501,79,111.65,0,0
1122149,2020-04-25,2020-04-25,Null,144711,40-44,F,36,41,37,72741,19,24.33,2,0
1122154,2020-04-26,2020-04-26,Null,144712,40-44,F,63,66,68,597419,135,188.51,2,1
1122157,2020-04-27,2020-04-27,Null,144712,40-44,F,63,69,66,98768,21,33.14,1,1
1122160,2020-04-28,2020-04-28,Null,144712,40-44,F,64,69,67,173165,41,59.85,1,0
1122165,2020-04-29,2020-04-29,Null,144713,40-44,F,65,68,69,55823,13,21.11,1,1
1122166,2020-04-30,2020-04-30,Null,144713,40-44,F,65,66,68,118451,28,38.35,4,1
1122176,2020-05-01,2020-05-01,Null,144714,40-44,F,2,6,8,74424,22,30.84,1,1
1122177,2020-05-02,2020-05-02,Null,144714,40-44,F,7,10,12,47929,12,14.59,1,1
1122182,2020-05-03,2020-05-03,Null,144714,40-44,F,7,10,8,40801,12,15.92,0,0
1122183,2020-05-04,2020-05-04,Null,144715,40-44,F,66,71,67,66017,17,24.22,1,0
1122189,2020-05-05,2020-05-05,Null,144715,45-49,F,10,16,14,725043,179,238.4,5,3
1122191,2020-05-06,2020-05-06,Null,144716,45-49,F,10,16,16,382776,97,132.73,5,1
1122192,2020-05-07,2020-05-07,Null,144716,45-49,F,10,16,13,548250,137,201.6,5,1
1122193,2020-05-08,2020-05-08,Null,144716,45-49,F,10,11,15,1358324,346,465.08,8,2
1122197,2020-05-09,2020-05-09,Null,144717,45-49,F,15,16,20,662249,163,234.94,2,0
1122200,2020-05-10,2020-05-10,Null,144717,45-49,F,15,16,16,559554,139,195.08,2,0
1122201,2020-05-11,2020-05-11,Null,144718,45-49,F,16,19,21,320757,68,104.69,2,0
1122202,2020-05-12,2020-05-12,Null,144718,45-49,F,16,20,19,906151,202,295.55,1,0
1122203,2020-05-13,2020-05-13,Null,144718,45-49,F,16,22,19,699314,164,226.03,3,0
1122204,2020-05-14,2020-05-14,Null,144719,45-49,F,16,21,22,850337,198,287.69,3,1
1122205,2020-05-15,2020-05-15,Null,144719,45-49,F,16,20,22,1015460,247,315.9,9,2
1122209,2020-05-16,2020-05-16,Null,144720,45-49,F,18,19,20,890295,227,332.99,1,0
1122210,2020-05-17,2020-05-17,Null,144720,45-49,F,18,21,20,791817,194,282.49,4,2
1122211,2020-05-18,2020-05-18,Null,144720,45-49,F,18,24,21,317601,76,115.66,1,0
1122212,2020-05-19,2020-05-19,Null,144721,45-49,F,18,23,24,685211,164,247.32,4,3
1122213,2020-05-20,2020-05-20,Null,144721,45-49,F,19,24,23,32781,7,11.2,2,2
1122216,2020-05-21,2020-05-21,Null,144722,45-49,F,19,23,22,76785,19,25.46,3,0
1122217,2020-05-22,2020-05-22,Null,144722,45-49,F,19,24,23,719083,206,299.53,12,5
1122223,2020-05-23,2020-05-23,Null,144722,45-49,F,20,23,23,368480,107,140.42,5,4
1122224,2020-05-24,2020-05-24,Null,144723,45-49,F,20,24,25,260945,73,100.88,2,2
1122225,2020-05-25,2020-05-25,Null,144723,45-49,F,21,22,27,40998,10,13.35,1,0
1122227,2020-05-26,2020-05-26,Null,144724,45-49,F,21,27,26,183293,53,73.75,2,1
1122232,2020-05-27,2020-05-27,Null,144724,45-49,F,22,24,23,221561,55,76.76,1,0
1122233,2020-05-28,2020-05-28,Null,144724,45-49,F,22,24,24,436943,109,145.82,1,1
1122240,2020-05-29,2020-05-29,Null,144725,45-49,F,23,26,26,284488,90,125.27,1,1
1122244,2020-05-30,2020-05-30,Null,144725,45-49,F,24,26,26,85083,32,38.63,1,1
1122246,2020-05-31,2020-05-31,Null,144726,45-49,F,24,28,25,14167,5,7.14,1,0
1122249,2020-06-01,2020-06-01,Null,144726,45-49,F,25,29,28,300637,84,116.99,2,0
1122253,2020-06-02,2020-06-02,Null,144726,45-49,F,25,27,28,449921,129,175.97,5,1
1122254,2020-06-03,2020-06-03,Null,144727,45-49,F,25,31,31,282899,71,105.66,1,0
1122257,2020-06-04,2020-06-04,Null,144727,45-49,F,26,29,32,669671,186,259.18,4,1
1122258,2020-06-05,2020-06-05,Null,144728,45-49,F,26,28,30,108655,28,46.92,1,0
1122260,2020-06-06,2020-06-06,Null,144728,45-49,F,26,32,31,536248,146,187.74,3,0
1122262,2020-06-07,2020-06-07,Null,144728,45-49,F,27,29,30,1055017,265,380.66,16,2
1122265,2020-06-08,2020-06-08,Null,144729,45-49,F,27,30,28,1428421,367,541.7,10,0
1122266,2020-06-09,2020-06-09,Null,144729,45-49,F,27,31,30,1088027,272,409.56,9,4
1122267,2020-06-10,2020-06-10,Null,144730,45-49,F,28,29,33,288517,78,102.39,3,0
1122268,2020-06-11,2020-06-11,Null,144730,45-49,F,28,31,30,202231,53,67.13,3,1
1122270,2020-06-12,2020-06-12,Null,144730,45-49,F,28,34,32,73222,16,22.86,1,0
1122271,2020-06-13,2020-06-13,Null,144731,45-49,F,28,29,34,348542,96,134.89,2,0
1122273,2020-06-14,2020-06-14,Null,144731,45-49,F,29,32,30,1097966,266,369.07,16,8
1122274,2020-06-15,2020-06-15,Null,144732,45-49,F,29,33,31,526923,138,198.09,2,1
1122276,2020-06-16,2020-06-16,Null,144732,45-49,F,29,34,34,264386,66,91,4,1
1122277,2020-06-17,2020-06-17,Null,144732,45-49,F,29,30,30,854940,227,297.91,8,3
1122279,2020-06-18,2020-06-18,Null,144733,45-49,F,30,33,36,113567,34,50.29,3,0
1122282,2020-06-19,2020-06-19,Null,144733,45-49,F,30,31,35,22859,6,9.42,1,0
1122288,2020-06-20,2020-06-20,Null,144734,45-49,F,31,32,33,51754,13,20.52,1,0
1122290,2020-06-21,2020-06-21,Null,144734,45-49,F,31,32,33,104347,28,38.14,4,3
1122303,2020-06-22,2020-06-22,Null,144734,45-49,F,63,67,66,391998,97,142.05,3,1
1122304,2020-06-23,2020-06-23,Null,144735,45-49,F,63,64,66,1111156,282,402.3,5,0
1122308,2020-06-24,2020-06-24,Null,144735,45-49,F,63,64,68,427772,117,159.3,3,1
1122310,2020-06-25,2020-06-25,Null,144736,45-49,F,64,66,65,536457,136,193.66,2,1
1122311,2020-06-26,2020-06-26,Null,144736,45-49,F,64,69,68,179894,43,66.84,2,0
1122312,2020-06-27,2020-06-27,Null,144736,45-49,F,64,70,66,479882,131,178.67,6,0
1122313,2020-06-28,2020-06-28,Null,144737,45-49,F,64,70,69,358261,91,130.36,1,0
1122316,2020-06-29,2020-06-29,Null,144737,45-49,F,65,67,67,346688,88,114.86,2,0
1314296,2020-06-30,2020-06-30,Null,144738,30-34,M,100,106,105,33445,2,3.2,1,0
1314297,2020-07-01,2020-07-01,Null,144738,30-34,M,101,106,103,72228,5,7.53,4,4
1314298,2020-07-02,2020-07-02,Null,144738,30-34,M,102,104,107,49699,2,2.69,2,1
1314299,2020-07-03,2020-07-03,Null,144739,30-34,M,103,107,108,189761,18,27.33,4,1
1314301,2020-07-04,2020-07-04,Null,144739,30-34,M,105,108,107,312524,37,53.79,2,0
1314303,2020-07-05,2020-07-05,Null,144740,30-34,M,107,108,110,496760,42,61.01,10,3
1314306,2020-07-06,2020-07-06,Null,144740,30-34,M,110,112,111,310988,34,46.67,11,3
1314307,2020-07-07,2020-07-07,Null,144740,30-34,M,111,112,113,98606,9,12.11,1,0
1314308,2020-07-08,2020-07-08,Null,144741,30-34,M,112,117,115,51104,2,3.2,3,1
1314309,2020-07-09,2020-07-09,Null,144741,30-34,M,113,116,115,276762,22,32.09,5,1
1314312,2020-07-10,2020-07-10,Null,144742,35-39,M,101,105,103,33534,2,2.96,1,1
1314313,2020-07-11,2020-07-11,Null,144742,35-39,M,102,104,107,128859,16,23.7,1,0
1314314,2020-07-12,2020-07-12,Null,144742,35-39,M,103,104,105,92080,12,16.94,3,2
1314316,2020-07-13,2020-07-13,Null,144743,35-39,M,105,107,107,211882,33,46.65,3,1
1314318,2020-07-14,2020-07-14,Null,144743,35-39,M,107,110,109,112776,9,12.68,1,0
1314319,2020-07-15,2020-07-15,Null,144744,35-39,M,108,113,111,145324,14,19.82,2,1
1314320,2020-07-16,2020-07-16,Null,144744,35-39,M,109,113,115,106492,14,21.26,2,0
1314321,2020-07-17,2020-07-17,Null,144744,35-39,M,110,112,111,233845,30,40.73,3,0
1314323,2020-07-18,2020-07-18,Null,144745,35-39,M,112,117,118,155426,17,25.01,3,0
1314324,2020-07-19,2020-07-19,Null,144745,35-39,M,113,116,114,97540,8,11.52,2,1
1314325,2020-07-20,2020-07-20,Null,144746,35-39,M,114,117,120,61441,5,7.7,1,0
1314326,2020-07-21,2020-07-21,Null,144746,40-44,M,100,104,104,76703,9,12.15,3,1
1314327,2020-07-22,2020-07-22,Null,144746,40-44,M,101,107,105,68619,10,14.96,1,0
1314330,2020-07-23,2020-07-23,Null,144747,40-44,M,104,108,108,17559,1,1.49,1,1
1314331,2020-07-24,2020-07-24,Null,144747,40-44,M,105,107,108,137879,19,28.47,2,0
1314332,2020-07-25,2020-07-25,Null,144748,40-44,M,106,110,112,67710,10,15.15,1,0
1314333,2020-07-26,2020-07-26,Null,144748,40-44,M,107,113,108,348180,41,60.23,3,1
1314334,2020-07-27,2020-07-27,Null,144748,40-44,M,108,110,112,146246,18,28.72,3,1
1314336,2020-07-28,2020-07-28,Null,144749,40-44,M,110,116,113,187236,24,34.87,2,2
1314337,2020-07-29,2020-07-29,Null,144749,40-44,M,111,112,112,72157,9,13.5,1,1
1314338,2020-07-30,2020-07-30,Null,144750,40-44,M,112,113,114,91180,10,13.56,1,0
1314339,2020-07-31,2020-07-31,Null,144750,40-44,M,113,114,116,86293,6,9.26,1,1
1314341,2020-08-01,2020-08-01,Null,144750,45-49,M,100,105,106,101410,12,17.94,4,0
1314343,2020-08-02,2020-08-02,Null,144751,45-49,M,102,107,103,134245,18,25.75,2,1
1314345,2020-08-03,2020-08-03,Null,144751,45-49,M,104,105,107,125650,20,30.08,4,0
1314346,2020-08-04,2020-08-04,Null,144752,45-49,M,105,109,106,50406,5,7.26,1,1
1314348,2020-08-05,2020-08-05,Null,144752,45-49,M,107,113,111,121769,13,18.42,2,1
1314349,2020-08-06,2020-08-06,Null,144752,45-49,M,108,113,113,267106,34,50.5,4,1
1314350,2020-08-07,2020-08-07,Null,144753,45-49,M,109,115,115,365539,57,82.14,5,2
1314351,2020-08-08,2020-08-08,Null,144753,45-49,M,110,114,111,188758,25,36.6,2,1
1314353,2020-08-09,2020-08-09,Null,144754,45-49,M,112,114,114,108426,13,19.58,1,0
1314354,2020-08-10,2020-08-10,Null,144754,45-49,M,113,116,116,138525,9,13.65,3,0
1314355,2020-08-11,2020-08-11,Null,144754,45-49,M,114,117,118,150858,21,30.26,1,0
1314357,2020-08-12,2020-08-12,Null,144755,30-34,F,101,102,102,524306,81,113.68,10,4
1314358,2020-08-13,2020-08-13,Null,144755,30-34,F,102,103,103,104496,9,11.43,3,2
1314359,2020-08-14,2020-08-14,Null,144756,30-34,F,103,109,105,452519,68,99.52,7,2
1314360,2020-08-15,2020-08-15,Null,144756,30-34,F,104,105,108,442919,76,110.78,21,2
1314361,2020-08-16,2020-08-16,Null,144756,30-34,F,105,111,107,596831,86,120.88,11,0
1314362,2020-08-17,2020-08-17,Null,144757,30-34,F,106,109,108,173912,26,35.54,2,1
1314363,2020-08-18,2020-08-18,Null,144757,30-34,F,107,109,113,780967,86,119.64,20,4
1314364,2020-08-19,2020-08-19,Null,144758,30-34,F,108,111,111,132124,8,11.19,4,0
1314365,2020-08-20,2020-08-20,Null,144758,30-34,F,109,110,112,623137,100,138.92,12,1
1314366,2020-08-21,2020-08-21,Null,144758,30-34,F,110,114,111,99020,10,14.48,4,1
1314367,2020-08-22,2020-08-22,Null,144759,30-34,F,111,113,114,665817,117,163.8,23,9
1314368,2020-08-23,2020-08-23,Null,144759,30-34,F,112,114,113,699232,80,111.99,12,3
1314371,2020-08-24,2020-08-24,Null,144760,35-39,F,100,103,102,72982,11,15.05,1,0
1314372,2020-08-25,2020-08-25,Null,144760,35-39,F,101,107,104,975884,167,237.32,14,3
1314373,2020-08-26,2020-08-26,Null,144760,35-39,F,102,106,103,245607,33,47.88,3,1
1314377,2020-08-27,2020-08-27,Null,144761,35-39,F,106,111,109,485369,114,164.64,3,0
1314378,2020-08-28,2020-08-28,Null,144761,35-39,F,107,111,112,866355,139,200.83,11,5
1314379,2020-08-29,2020-08-29,Null,144762,35-39,F,108,110,110,502710,72,105.22,8,2
1314380,2020-08-30,2020-08-30,Null,144762,35-39,F,109,114,111,475184,88,127.32,4,1
1314381,2020-08-31,2020-08-31,Null,144762,35-39,F,110,111,111,357401,47,68.67,8,1
1314382,2020-09-01,2020-09-01,Null,144763,35-39,F,111,114,112,99810,14,20.05,2,0
1314383,2020-09-02,2020-09-02,Null,144763,35-39,F,112,116,114,81569,6,9.41,3,1
1314384,2020-09-03,2020-09-03,Null,144764,35-39,F,113,115,114,441192,53,77.6,6,2
1314385,2020-09-04,2020-09-04,Null,144764,35-39,F,114,115,116,90470,11,16.73,1,1
1314386,2020-09-05,2020-09-05,Null,144764,40-44,F,100,102,102,834243,166,246.75,18,7
1314387,2020-09-06,2020-09-06,Null,144765,40-44,F,101,105,106,696612,152,223.19,31,9
1314388,2020-09-07,2020-09-07,Null,144765,40-44,F,102,103,106,329333,48,67.61,1,0
1314389,2020-09-08,2020-09-08,Null,144766,40-44,F,103,104,105,1114711,224,319,6,0
1314390,2020-09-09,2020-09-09,Null,144766,40-44,F,104,107,107,267316,58,82.93,3,0
1314391,2020-09-10,2020-09-10,Null,144766,40-44,F,105,109,106,228629,38,57,2,0
1314392,2020-09-11,2020-09-11,Null,144767,40-44,F,106,107,111,758340,159,233.11,13,4
1314393,2020-09-12,2020-09-12,Null,144767,40-44,F,107,108,110,877535,149,217.78,5,2
1314394,2020-09-13,2020-09-13,Null,144768,40-44,F,108,113,112,1357386,223,323.06,10,1
1314395,2020-09-14,2020-09-14,Null,144768,40-44,F,109,115,115,280240,61,87.99,2,2
1314396,2020-09-15,2020-09-15,Null,144768,40-44,F,110,116,116,419922,75,105.45,3,1
1314397,2020-09-16,2020-09-16,Null,144769,40-44,F,111,116,115,402975,83,120.9,1,0
1314398,2020-09-17,2020-09-17,Null,144769,40-44,F,112,115,116,1137635,211,301.05,30,10
1314400,2020-09-18,2020-09-18,Null,144770,40-44,F,114,118,119,250234,40,62.32,4,1
1314401,2020-09-19,2020-09-19,Null,144770,45-49,F,100,106,101,904907,195,279.22,11,1
1314402,2020-09-20,2020-09-20,Null,144770,45-49,F,101,105,105,589270,107,158.05,10,4
1314403,2020-09-21,2020-09-21,Null,144771,45-49,F,102,104,104,168714,24,36.01,2,2
1314404,2020-09-22,2020-09-22,Null,144771,45-49,F,103,105,104,71982,11,16.34,1,0
1314405,2020-09-23,2020-09-23,Null,144772,45-49,F,104,107,110,558666,110,162.64,14,5
1314406,2020-09-24,2020-09-24,Null,144772,45-49,F,105,106,109,1118200,235,333.75,11,4
1314407,2020-09-25,2020-09-25,Null,144772,45-49,F,106,112,108,107100,23,33.71,1,0
1314408,2020-09-26,2020-09-26,Null,144773,45-49,F,107,113,112,877769,160,232.59,13,4
1314409,2020-09-27,2020-09-27,Null,144773,45-49,F,108,112,112,212508,33,47.69,4,1
1314410,2020-09-28,2020-09-28,Null,144774,45-49,F,109,111,114,1129773,252,358.19,13,2
1314411,2020-09-29,2020-09-29,Null,144774,45-49,F,110,111,116,637549,120,173.88,3,0
1314412,2020-09-30,2020-09-30,Null,144774,45-49,F,111,113,117,151531,28,40.29,2,0
1314414,2020-10-01,2020-10-01,Null,144775,45-49,F,113,114,117,790253,135,198.71,8,2
1314415,2020-10-02,2020-10-02,Null,144775,45-49,F,114,116,118,513161,114,165.61,5,2
